"Name","Time","url"
"エリ誕","10/21/2014 06:49","http://www.pixiv.net/member_illust.php?mode=medium&illust_id=46660811"
"老リンク","10/20/2014 17:22","http://www.pixiv.net/member_illust.php?mode=medium&illust_id=46649352"
"好きな子","10/20/2014 19:19","http://www.pixiv.net/member_illust.php?mode=medium&illust_id=46650737"
"希","10/20/2014 02:32","http://www.pixiv.net/member_illust.php?mode=medium&illust_id=46644504"
"(๑•́ ₃•̀๑٥)","10/20/2014 15:32","http://www.pixiv.net/member_illust.php?mode=medium&illust_id=46648401"
"えり誕","10/21/2014 01:00","http://www.pixiv.net/member_illust.php?mode=medium&illust_id=46658176"
"シンデレラガールズ","10/21/2014 00:01","http://www.pixiv.net/member_illust.php?mode=medium&illust_id=46656695"
"目まとめ","10/20/2014 12:56","http://www.pixiv.net/member_illust.php?mode=medium&illust_id=46647357"
"†美しき刃†","10/20/2014 03:15","http://www.pixiv.net/member_illust.php?mode=medium&illust_id=46644901"
"SAKUYA","10/20/2014 04:25","http://www.pixiv.net/member_illust.php?mode=medium&illust_id=46645271"
"【ボツマシュ】おじさんとマシュマロ４６．５","10/20/2014 18:54","http://www.pixiv.net/member_illust.php?mode=medium&illust_id=46650419"
"君へとつながるこの世界","10/20/2014 01:10","http://www.pixiv.net/member_illust.php?mode=medium&illust_id=46643322"
"いるか","10/21/2014 19:10","http://www.pixiv.net/member_illust.php?mode=medium&illust_id=46665529"
"【ボツマシュ２】おじさんとマシュマロextra","10/21/2014 18:20","http://www.pixiv.net/member_illust.php?mode=medium&illust_id=46664940"
"ランタン運輸","10/20/2014 17:25","http://www.pixiv.net/member_illust.php?mode=medium&illust_id=46649386"
"うちのこハロウィン","10/20/2014 21:49","http://www.pixiv.net/member_illust.php?mode=medium&illust_id=46653269"
"リフレクトブルー","10/21/2014 00:02","http://www.pixiv.net/member_illust.php?mode=medium&illust_id=46656745"
"職人の手","10/21/2014 01:37","http://www.pixiv.net/member_illust.php?mode=medium&illust_id=46658855"
"Sakura L2","10/20/2014 00:05","http://www.pixiv.net/member_illust.php?mode=medium&illust_id=46641637"
"エリチカ誕生日","10/21/2014 00:10","http://www.pixiv.net/member_illust.php?mode=medium&illust_id=46657011"
"古い絵まとめ(2011～2013)","10/21/2014 01:14","http://www.pixiv.net/member_illust.php?mode=medium&illust_id=46658469"
"Happy Birthday Eli","10/21/2014 00:00","http://www.pixiv.net/member_illust.php?mode=medium&illust_id=46656642"
"まじえんじぇー！","10/20/2014 01:08","http://www.pixiv.net/member_illust.php?mode=medium&illust_id=46643265"
"江！","10/21/2014 06:00","http://www.pixiv.net/member_illust.php?mode=medium&illust_id=46660675"
"JK","10/21/2014 17:01","http://www.pixiv.net/member_illust.php?mode=medium&illust_id=46664141"
"恋のペリメニ私にください","10/21/2014 01:44","http://www.pixiv.net/member_illust.php?mode=medium&illust_id=46658939"
"アギ","10/21/2014 21:55","http://www.pixiv.net/member_illust.php?mode=medium&illust_id=46668239"
"紅魔館を盛り上げるキャンペーンの告知映像【甘ブリトレスgif】","10/20/2014 20:16","http://www.pixiv.net/member_illust.php?mode=medium&illust_id=46651549"
"いとぐるマシン","10/21/2014 12:25","http://www.pixiv.net/member_illust.php?mode=medium&illust_id=46662322"
"ＲＥＤ＆ＢＬＡＣＫ","10/21/2014 21:08","http://www.pixiv.net/member_illust.php?mode=medium&illust_id=46667331"
"おめでと！ハラショーーバカップル！！","10/21/2014 09:22","http://www.pixiv.net/member_illust.php?mode=medium&illust_id=46661373"
"◆","10/20/2014 00:13","http://www.pixiv.net/member_illust.php?mode=medium&illust_id=46641882"
"「龍の角にお花が咲いて栄養を吸い取られちゃう病」","10/20/2014 20:33","http://www.pixiv.net/member_illust.php?mode=medium&illust_id=46651825"
"寶船時空","10/20/2014 10:28","http://www.pixiv.net/member_illust.php?mode=medium&illust_id=46646540"
"落書きまとめ","10/21/2014 00:10","http://www.pixiv.net/member_illust.php?mode=medium&illust_id=46657009"
"つきくらげ","10/20/2014 00:08","http://www.pixiv.net/member_illust.php?mode=medium&illust_id=46641734"
"halloween！","10/20/2014 19:55","http://www.pixiv.net/member_illust.php?mode=medium&illust_id=46651202"
"えりち爆誕！","10/21/2014 00:29","http://www.pixiv.net/member_illust.php?mode=medium&illust_id=46657487"
"KKE！","10/21/2014 00:02","http://www.pixiv.net/member_illust.php?mode=medium&illust_id=46656748"
"絵里ちお誕生日おめでとう！","10/21/2014 00:47","http://www.pixiv.net/member_illust.php?mode=medium&illust_id=46657912"
"絵里ちゃんおめでとう！","10/21/2014 00:23","http://www.pixiv.net/member_illust.php?mode=medium&illust_id=46657346"
"拝啓、ナナカマド博士。","10/22/2014 00:02","http://www.pixiv.net/member_illust.php?mode=medium&illust_id=46671252"
"エリチカお誕生日おめでとう！","10/22/2014 20:22","http://www.pixiv.net/member_illust.php?mode=medium&illust_id=46681059"
"無題","10/22/2014 01:17","http://www.pixiv.net/member_illust.php?mode=medium&illust_id=46672980"
"ご注文はバニーですか？","10/22/2014 07:12","http://www.pixiv.net/member_illust.php?mode=medium&illust_id=46675252"
"弓凛","10/22/2014 20:52","http://www.pixiv.net/member_illust.php?mode=medium&illust_id=46681568"
"Fall","10/23/2014 15:26","http://www.pixiv.net/member_illust.php?mode=medium&illust_id=46692022"
"【艦これ】投稿カテゴリがわからない。","10/22/2014 01:26","http://www.pixiv.net/member_illust.php?mode=medium&illust_id=46673128"
"早苗 青い花","10/22/2014 01:05","http://www.pixiv.net/member_illust.php?mode=medium&illust_id=46672734"
"深海レター","10/22/2014 10:48","http://www.pixiv.net/member_illust.php?mode=medium&illust_id=46676130"
"県境を走る列車","10/22/2014 09:06","http://www.pixiv.net/member_illust.php?mode=medium&illust_id=46675672"
"躯ちゃん4","10/22/2014 00:31","http://www.pixiv.net/member_illust.php?mode=medium&illust_id=46672021"
"にゃん。","10/22/2014 03:13","http://www.pixiv.net/member_illust.php?mode=medium&illust_id=46674301"
"Halloween!!","10/22/2014 16:32","http://www.pixiv.net/member_illust.php?mode=medium&illust_id=46678365"
"カゲログ３","10/22/2014 16:21","http://www.pixiv.net/member_illust.php?mode=medium&illust_id=46678287"
"□","10/22/2014 03:38","http://www.pixiv.net/member_illust.php?mode=medium&illust_id=46674466"
"選挙","10/22/2014 16:30","http://www.pixiv.net/member_illust.php?mode=medium&illust_id=46678359"
"【ボツマシュ３】おじさんとマシュマロ４５．５","10/22/2014 19:32","http://www.pixiv.net/member_illust.php?mode=medium&illust_id=46680370"
"来ないほうがいいよ","10/23/2014 06:54","http://www.pixiv.net/member_illust.php?mode=medium&illust_id=46689678"
"○○●●●○●","10/23/2014 18:14","http://www.pixiv.net/member_illust.php?mode=medium&illust_id=46693497"
"RAIN","10/22/2014 00:15","http://www.pixiv.net/member_illust.php?mode=medium&illust_id=46671633"
"ラブライブつめあわせ","10/23/2014 00:29","http://www.pixiv.net/member_illust.php?mode=medium&illust_id=46686573"
"Lily White","10/22/2014 13:52","http://www.pixiv.net/member_illust.php?mode=medium&illust_id=46677133"
"再啓、ナナカマド博士。","10/23/2014 00:37","http://www.pixiv.net/member_illust.php?mode=medium&illust_id=46686739"
"Cake Domain","10/22/2014 13:06","http://www.pixiv.net/member_illust.php?mode=medium&illust_id=46676867"
"えりち","10/22/2014 21:41","http://www.pixiv.net/member_illust.php?mode=medium&illust_id=46682532"
"【ボツマシュ４】おじさんとマシュマロ続４５．５","10/23/2014 19:17","http://www.pixiv.net/member_illust.php?mode=medium&illust_id=46694212"
"海神の雛　3章","10/22/2014 23:37","http://www.pixiv.net/member_illust.php?mode=medium&illust_id=46685193"
"ついんてーる","10/22/2014 18:08","http://www.pixiv.net/member_illust.php?mode=medium&illust_id=46679360"
"＼召還／","10/22/2014 00:27","http://www.pixiv.net/member_illust.php?mode=medium&illust_id=46671908"
"湯けむり温泉郷まほろばの非日常 ～おんせん部活動日和～","10/22/2014 17:30","http://www.pixiv.net/member_illust.php?mode=medium&illust_id=46678948"
"anteiku","10/23/2014 12:32","http://www.pixiv.net/member_illust.php?mode=medium&illust_id=46690963"
"赤いきつねと緑のたぬき","10/22/2014 15:48","http://www.pixiv.net/member_illust.php?mode=medium&illust_id=46677988"
"＿","10/22/2014 11:49","http://www.pixiv.net/member_illust.php?mode=medium&illust_id=46676458"
"いえぇぇぇぃ～","10/22/2014 00:03","http://www.pixiv.net/member_illust.php?mode=medium&illust_id=46671294"
"ポケlog","10/23/2014 19:50","http://www.pixiv.net/member_illust.php?mode=medium&illust_id=46694616"
"羽の生えた艦娘","10/23/2014 19:33","http://www.pixiv.net/member_illust.php?mode=medium&illust_id=46694417"
"落書き","10/23/2014 00:00","http://www.pixiv.net/member_illust.php?mode=medium&illust_id=46685778"
"ﾐﾂﾒﾙ","10/22/2014 00:18","http://www.pixiv.net/member_illust.php?mode=medium&illust_id=46671694"
"魔女組ハロウィン","10/22/2014 00:01","http://www.pixiv.net/member_illust.php?mode=medium&illust_id=46671220"
"ギャン子さんの手作り弁当食べたい","10/23/2014 02:23","http://www.pixiv.net/member_illust.php?mode=medium&illust_id=46688388"
"誕生日おめでとうえりち！","10/22/2014 00:46","http://www.pixiv.net/member_illust.php?mode=medium&illust_id=46672349"
"【SC65】にねんぐみゲスト絵","10/22/2014 19:14","http://www.pixiv.net/member_illust.php?mode=medium&illust_id=46680150"
"まるゆさんのいる海戦。","10/23/2014 00:00","http://www.pixiv.net/member_illust.php?mode=medium&illust_id=46685777"
"心花","10/22/2014 00:37","http://www.pixiv.net/member_illust.php?mode=medium&illust_id=46672158"
"【漫画】クチート先輩と後輩ガブリアス君①","10/23/2014 20:00","http://www.pixiv.net/member_illust.php?mode=medium&illust_id=46694747"
"にこハロウィン","10/23/2014 00:07","http://www.pixiv.net/member_illust.php?mode=medium&illust_id=46686009"
"あーみらちゃん","10/22/2014 02:11","http://www.pixiv.net/member_illust.php?mode=medium&illust_id=46673764"
"みろく","10/22/2014 01:20","http://www.pixiv.net/member_illust.php?mode=medium&illust_id=46673031"
"冬の輪形陣","10/22/2014 21:32","http://www.pixiv.net/member_illust.php?mode=medium&illust_id=46682335"
"Fall","10/23/2014 15:26","http://www.pixiv.net/member_illust.php?mode=medium&illust_id=46692022"
"anteiku","10/23/2014 12:32","http://www.pixiv.net/member_illust.php?mode=medium&illust_id=46690963"
"祭","10/24/2014 00:28","http://www.pixiv.net/member_illust.php?mode=medium&illust_id=46700304"
"再啓、ナナカマド博士。","10/23/2014 00:37","http://www.pixiv.net/member_illust.php?mode=medium&illust_id=46686739"
"○○●●●○●","10/23/2014 18:14","http://www.pixiv.net/member_illust.php?mode=medium&illust_id=46693497"
"ラブライブつめあわせ","10/23/2014 00:29","http://www.pixiv.net/member_illust.php?mode=medium&illust_id=46686573"
"謹啓、ナナカマド博士。","10/24/2014 00:50","http://www.pixiv.net/member_illust.php?mode=medium&illust_id=46700761"
"来ないほうがいいよ","10/23/2014 06:54","http://www.pixiv.net/member_illust.php?mode=medium&illust_id=46689678"
"ポケlog","10/23/2014 19:50","http://www.pixiv.net/member_illust.php?mode=medium&illust_id=46694616"
"【漫画】クチート先輩と後輩ガブリアス君①","10/23/2014 20:00","http://www.pixiv.net/member_illust.php?mode=medium&illust_id=46694747"
"羽の生えた艦娘","10/23/2014 19:33","http://www.pixiv.net/member_illust.php?mode=medium&illust_id=46694417"
"海の宝石","10/24/2014 00:02","http://www.pixiv.net/member_illust.php?mode=medium&illust_id=46699662"
"落書き","10/23/2014 00:00","http://www.pixiv.net/member_illust.php?mode=medium&illust_id=46685778"
"629","10/23/2014 00:06","http://www.pixiv.net/member_illust.php?mode=medium&illust_id=46685986"
"星宮いちごﾀｿ","10/24/2014 19:59","http://www.pixiv.net/member_illust.php?mode=medium&illust_id=46708469"
"【ボツマシュ４】おじさんとマシュマロ続４５．５","10/23/2014 19:17","http://www.pixiv.net/member_illust.php?mode=medium&illust_id=46694212"
"ボツマシュ５","10/24/2014 18:29","http://www.pixiv.net/member_illust.php?mode=medium&illust_id=46707338"
"奏","10/23/2014 00:59","http://www.pixiv.net/member_illust.php?mode=medium&illust_id=46687176"
"HALLOWEEN","10/23/2014 21:03","http://www.pixiv.net/member_illust.php?mode=medium&illust_id=46695713"
"にこハロウィン","10/23/2014 00:07","http://www.pixiv.net/member_illust.php?mode=medium&illust_id=46686009"
"その名は","10/24/2014 00:50","http://www.pixiv.net/member_illust.php?mode=medium&illust_id=46700762"
"❤","10/23/2014 00:44","http://www.pixiv.net/member_illust.php?mode=medium&illust_id=46686878"
"パンプキンカラー","10/24/2014 00:15","http://www.pixiv.net/member_illust.php?mode=medium&illust_id=46700020"
"絶対絶望少女","10/23/2014 00:03","http://www.pixiv.net/member_illust.php?mode=medium&illust_id=46685903"
"無題","10/23/2014 00:40","http://www.pixiv.net/member_illust.php?mode=medium&illust_id=46686796"
"ついったろぐ７","10/23/2014 18:07","http://www.pixiv.net/member_illust.php?mode=medium&illust_id=46693395"
"運命の女神テュケー","10/24/2014 00:00","http://www.pixiv.net/member_illust.php?mode=medium&illust_id=46699568"
"凛ちゃん","10/23/2014 08:06","http://www.pixiv.net/member_illust.php?mode=medium&illust_id=46689933"
"優雅さを忘れた凛","10/24/2014 00:01","http://www.pixiv.net/member_illust.php?mode=medium&illust_id=46699624"
"躯ちゃん5","10/24/2014 12:37","http://www.pixiv.net/member_illust.php?mode=medium&illust_id=46704805"
"北上様","10/23/2014 13:06","http://www.pixiv.net/member_illust.php?mode=medium&illust_id=46691128"
"そらまでとどけ！","10/23/2014 17:43","http://www.pixiv.net/member_illust.php?mode=medium&illust_id=46693162"
"エリ誕","10/24/2014 17:11","http://www.pixiv.net/member_illust.php?mode=medium&illust_id=46706577"
"七つの大罪","10/23/2014 20:04","http://www.pixiv.net/member_illust.php?mode=medium&illust_id=46694817"
"マミさん","10/24/2014 11:48","http://www.pixiv.net/member_illust.php?mode=medium&illust_id=46704527"
"ポケモン漫画ログ　ニンフィアブイ！とか","10/24/2014 20:44","http://www.pixiv.net/member_illust.php?mode=medium&illust_id=46709144"
"たてセタ凛","10/23/2014 09:50","http://www.pixiv.net/member_illust.php?mode=medium&illust_id=46690262"
"ラブライブまとめ","10/23/2014 21:18","http://www.pixiv.net/member_illust.php?mode=medium&illust_id=46695980"
"「ん？」","10/24/2014 06:52","http://www.pixiv.net/member_illust.php?mode=medium&illust_id=46703361"
"「ねぇ、ちょっと散歩してなみない？」","10/24/2014 00:00","http://www.pixiv.net/member_illust.php?mode=medium&illust_id=46699584"
"無題","10/23/2014 19:37","http://www.pixiv.net/member_illust.php?mode=medium&illust_id=46694456"
"千の風になって","10/23/2014 20:28","http://www.pixiv.net/member_illust.php?mode=medium&illust_id=46695163"
"神撃のバハムート","10/24/2014 20:20","http://www.pixiv.net/member_illust.php?mode=medium&illust_id=46708760"
"描！","10/24/2014 17:52","http://www.pixiv.net/member_illust.php?mode=medium&illust_id=46706919"
"祭","10/24/2014 00:28","http://www.pixiv.net/member_illust.php?mode=medium&illust_id=46700304"
"謹啓、ナナカマド博士。","10/24/2014 00:50","http://www.pixiv.net/member_illust.php?mode=medium&illust_id=46700761"
"無題","10/25/2014 10:20","http://www.pixiv.net/member_illust.php?mode=medium&illust_id=46718715"
"優雅さを忘れた凛","10/24/2014 00:01","http://www.pixiv.net/member_illust.php?mode=medium&illust_id=46699624"
"星宮いちごﾀｿ","10/24/2014 19:59","http://www.pixiv.net/member_illust.php?mode=medium&illust_id=46708469"
"今夜はパーティ","10/24/2014 12:26","http://www.pixiv.net/member_illust.php?mode=medium&illust_id=46704741"
"「ん？」","10/24/2014 06:52","http://www.pixiv.net/member_illust.php?mode=medium&illust_id=46703361"
"海の宝石","10/24/2014 00:02","http://www.pixiv.net/member_illust.php?mode=medium&illust_id=46699662"
"超拷問！時空を越えたおでん","10/25/2014 00:00","http://www.pixiv.net/member_illust.php?mode=medium&illust_id=46713243"
"届かない歌","10/25/2014 00:00","http://www.pixiv.net/member_illust.php?mode=medium&illust_id=46713305"
"前略、ナナカマド博士。","10/25/2014 00:52","http://www.pixiv.net/member_illust.php?mode=medium&illust_id=46714648"
"マミさん","10/24/2014 11:48","http://www.pixiv.net/member_illust.php?mode=medium&illust_id=46704527"
"ポケモン漫画ログ　ニンフィアブイ！とか","10/24/2014 20:44","http://www.pixiv.net/member_illust.php?mode=medium&illust_id=46709144"
"「ねぇ、ちょっと散歩してなみない？」","10/24/2014 00:00","http://www.pixiv.net/member_illust.php?mode=medium&illust_id=46699584"
"(￣▽￣)""","10/24/2014 01:02","http://www.pixiv.net/member_illust.php?mode=medium&illust_id=46700998"
"女子高生2","10/24/2014 12:05","http://www.pixiv.net/member_illust.php?mode=medium&illust_id=46704632"
"パンプキンカラー","10/24/2014 00:15","http://www.pixiv.net/member_illust.php?mode=medium&illust_id=46700020"
"サファイアもコンテストドレスを着なるといいね∼´▽｀","10/24/2014 14:50","http://www.pixiv.net/member_illust.php?mode=medium&illust_id=46705585"
"Halloween","10/24/2014 00:22","http://www.pixiv.net/member_illust.php?mode=medium&illust_id=46700177"
"セイバー","10/25/2014 00:57","http://www.pixiv.net/member_illust.php?mode=medium&illust_id=46714744"
"エリ誕","10/24/2014 17:11","http://www.pixiv.net/member_illust.php?mode=medium&illust_id=46706577"
"東方Projectカレンダー2015","10/25/2014 00:05","http://www.pixiv.net/member_illust.php?mode=medium&illust_id=46713513"
"正直","10/25/2014 12:11","http://www.pixiv.net/member_illust.php?mode=medium&illust_id=46719611"
"ことりちゅん","10/24/2014 01:07","http://www.pixiv.net/member_illust.php?mode=medium&illust_id=46701077"
"七つの大罪のエリザベス","10/24/2014 21:58","http://www.pixiv.net/member_illust.php?mode=medium&illust_id=46710558"
"赤","10/25/2014 19:06","http://www.pixiv.net/member_illust.php?mode=medium&illust_id=46724785"
"いすずさんを曇らせたい","10/25/2014 21:21","http://www.pixiv.net/member_illust.php?mode=medium&illust_id=46727293"
"聖誕祭と代償と『？？？』","10/25/2014 15:20","http://www.pixiv.net/member_illust.php?mode=medium&illust_id=46721599"
"コンポタ","10/24/2014 11:18","http://www.pixiv.net/member_illust.php?mode=medium&illust_id=46704341"
"神撃のバハムート","10/24/2014 20:20","http://www.pixiv.net/member_illust.php?mode=medium&illust_id=46708760"
"雲の上","10/25/2014 00:35","http://www.pixiv.net/member_illust.php?mode=medium&illust_id=46714269"
"秋だってお祭り騒ぎ！","10/25/2014 12:08","http://www.pixiv.net/member_illust.php?mode=medium&illust_id=46719579"
"艦これのワンドロあげとくよー","10/25/2014 13:52","http://www.pixiv.net/member_illust.php?mode=medium&illust_id=46720627"
"電波望遠鏡","10/25/2014 10:09","http://www.pixiv.net/member_illust.php?mode=medium&illust_id=46718638"
"Racing Miku","10/24/2014 00:36","http://www.pixiv.net/member_illust.php?mode=medium&illust_id=46700465"
"full moon","10/24/2014 18:29","http://www.pixiv.net/member_illust.php?mode=medium&illust_id=46707346"
"落書","10/24/2014 17:25","http://www.pixiv.net/member_illust.php?mode=medium&illust_id=46706689"
"WhiteDress","10/25/2014 00:02","http://www.pixiv.net/member_illust.php?mode=medium&illust_id=46713382"
"Trick or Treat","10/25/2014 20:05","http://www.pixiv.net/member_illust.php?mode=medium&illust_id=46725792"
"恐怖の美術館からの脱出","10/24/2014 21:01","http://www.pixiv.net/member_illust.php?mode=medium&illust_id=46709427"
"無重力結界","10/25/2014 01:33","http://www.pixiv.net/member_illust.php?mode=medium&illust_id=46715381"
"艦娘一言画詰集","10/25/2014 00:01","http://www.pixiv.net/member_illust.php?mode=medium&illust_id=46713348"
"​ ​","10/24/2014 01:55","http://www.pixiv.net/member_illust.php?mode=medium&illust_id=46701790"
"-墜天せし者-","10/25/2014 00:08","http://www.pixiv.net/member_illust.php?mode=medium&illust_id=46713568"
"無題","10/25/2014 10:20","http://www.pixiv.net/member_illust.php?mode=medium&illust_id=46718715"
"届かない歌","10/25/2014 00:00","http://www.pixiv.net/member_illust.php?mode=medium&illust_id=46713305"
"電波塔","10/25/2014 16:41","http://www.pixiv.net/member_illust.php?mode=medium&illust_id=46722568"
"前略、ナナカマド博士。","10/25/2014 00:52","http://www.pixiv.net/member_illust.php?mode=medium&illust_id=46714648"
"セイバー","10/26/2014 07:42","http://www.pixiv.net/member_illust.php?mode=medium&illust_id=46736519"
"超拷問！時空を越えたおでん","10/25/2014 00:00","http://www.pixiv.net/member_illust.php?mode=medium&illust_id=46713243"
"赤","10/25/2014 19:06","http://www.pixiv.net/member_illust.php?mode=medium&illust_id=46724785"
"セイバー","10/25/2014 00:57","http://www.pixiv.net/member_illust.php?mode=medium&illust_id=46714744"
"艦娘一言画詰集","10/25/2014 00:01","http://www.pixiv.net/member_illust.php?mode=medium&illust_id=46713348"
"電波望遠鏡","10/25/2014 10:09","http://www.pixiv.net/member_illust.php?mode=medium&illust_id=46718638"
"拝呈、ナナカマド博士。","10/26/2014 00:41","http://www.pixiv.net/member_illust.php?mode=medium&illust_id=46732642"
"聖誕祭と代償と『？？？』","10/25/2014 15:20","http://www.pixiv.net/member_illust.php?mode=medium&illust_id=46721599"
"雲の上","10/25/2014 00:35","http://www.pixiv.net/member_illust.php?mode=medium&illust_id=46714269"
"東方Projectカレンダー2015","10/25/2014 00:05","http://www.pixiv.net/member_illust.php?mode=medium&illust_id=46713513"
"いすずさんを曇らせたい","10/25/2014 21:21","http://www.pixiv.net/member_illust.php?mode=medium&illust_id=46727293"
"秋だってお祭り騒ぎ！","10/25/2014 12:08","http://www.pixiv.net/member_illust.php?mode=medium&illust_id=46719579"
"Sing　it!","10/26/2014 00:22","http://www.pixiv.net/member_illust.php?mode=medium&illust_id=46732149"
"正直","10/25/2014 12:11","http://www.pixiv.net/member_illust.php?mode=medium&illust_id=46719611"
"Trick or Treat","10/25/2014 20:05","http://www.pixiv.net/member_illust.php?mode=medium&illust_id=46725792"
"佐倉千代（差分有り）","10/25/2014 00:04","http://www.pixiv.net/member_illust.php?mode=medium&illust_id=46713475"
"無重力結界","10/25/2014 01:33","http://www.pixiv.net/member_illust.php?mode=medium&illust_id=46715381"
"はじめて愛してくれたひと","10/26/2014 02:35","http://www.pixiv.net/member_illust.php?mode=medium&illust_id=46734725"
"ケシゴム散歩","10/26/2014 12:10","http://www.pixiv.net/member_illust.php?mode=medium&illust_id=46738608"
"少女","10/26/2014 06:52","http://www.pixiv.net/member_illust.php?mode=medium&illust_id=46736336"
"Fairy gardens","10/26/2014 14:07","http://www.pixiv.net/member_illust.php?mode=medium&illust_id=46740008"
"Nocte","10/25/2014 22:52","http://www.pixiv.net/member_illust.php?mode=medium&illust_id=46729526"
"中間棲姫山城","10/26/2014 02:04","http://www.pixiv.net/member_illust.php?mode=medium&illust_id=46734292"
"艦これのワンドロあげとくよー","10/25/2014 13:52","http://www.pixiv.net/member_illust.php?mode=medium&illust_id=46720627"
"エンジェルフィッシュ","10/26/2014 17:15","http://www.pixiv.net/member_illust.php?mode=medium&illust_id=46742912"
"WhiteDress","10/25/2014 00:02","http://www.pixiv.net/member_illust.php?mode=medium&illust_id=46713382"
"TriTre","10/25/2014 00:23","http://www.pixiv.net/member_illust.php?mode=medium&illust_id=46713974"
"-墜天せし者-","10/25/2014 00:08","http://www.pixiv.net/member_illust.php?mode=medium&illust_id=46713568"
"深海龙神2020.。oO","10/25/2014 00:03","http://www.pixiv.net/member_illust.php?mode=medium&illust_id=46713404"
"pkmnらくがきまとめ４","10/25/2014 17:06","http://www.pixiv.net/member_illust.php?mode=medium&illust_id=46722939"
"扶桑Lv.120と日向Lv.1のはなし","10/25/2014 23:46","http://www.pixiv.net/member_illust.php?mode=medium&illust_id=46731042"
"Courage","10/25/2014 14:48","http://www.pixiv.net/member_illust.php?mode=medium&illust_id=46721212"
"お菓子の英霊セイバーモッフル","10/25/2014 00:03","http://www.pixiv.net/member_illust.php?mode=medium&illust_id=46713429"
"セーラービヴィーナスだおー三└(┐卍^o^)卍","10/26/2014 13:21","http://www.pixiv.net/member_illust.php?mode=medium&illust_id=46739443"
"凛","10/25/2014 13:11","http://www.pixiv.net/member_illust.php?mode=medium&illust_id=46720207"
"躯ちゃん6","10/26/2014 00:44","http://www.pixiv.net/member_illust.php?mode=medium&illust_id=46732735"
"Mischief Test","10/26/2014 14:41","http://www.pixiv.net/member_illust.php?mode=medium&illust_id=46740459"
"Wings of piano","10/25/2014 17:26","http://www.pixiv.net/member_illust.php?mode=medium&illust_id=46723220"
"あきゅすずカレンダー","10/25/2014 13:27","http://www.pixiv.net/member_illust.php?mode=medium&illust_id=46720362"
"♀↔♂","10/25/2014 13:50","http://www.pixiv.net/member_illust.php?mode=medium&illust_id=46720594"
"艦隊のアイドル","10/25/2014 00:04","http://www.pixiv.net/member_illust.php?mode=medium&illust_id=46713478"
"赤加賀マフラー","10/25/2014 07:42","http://www.pixiv.net/member_illust.php?mode=medium&illust_id=46717924"
"「腕組みを考える。」","10/26/2014 12:41","http://www.pixiv.net/member_illust.php?mode=medium&illust_id=46738968"
"ハロウィンカボチャウォール","10/26/2014 00:38","http://www.pixiv.net/member_illust.php?mode=medium&illust_id=46732586"
"セイバー","10/26/2014 07:42","http://www.pixiv.net/member_illust.php?mode=medium&illust_id=46736519"
"中間棲姫山城","10/26/2014 02:04","http://www.pixiv.net/member_illust.php?mode=medium&illust_id=46734292"
"少女","10/26/2014 06:52","http://www.pixiv.net/member_illust.php?mode=medium&illust_id=46736336"
"拝呈、ナナカマド博士。","10/26/2014 00:41","http://www.pixiv.net/member_illust.php?mode=medium&illust_id=46732642"
"Fairy gardens","10/26/2014 14:07","http://www.pixiv.net/member_illust.php?mode=medium&illust_id=46740008"
"はじめて愛してくれたひと","10/26/2014 02:35","http://www.pixiv.net/member_illust.php?mode=medium&illust_id=46734725"
"エンジェルフィッシュ","10/26/2014 17:15","http://www.pixiv.net/member_illust.php?mode=medium&illust_id=46742912"
"Sing　it!","10/26/2014 00:22","http://www.pixiv.net/member_illust.php?mode=medium&illust_id=46732149"
"弓凛!(つ•ω•́)つ","10/26/2014 12:48","http://www.pixiv.net/member_illust.php?mode=medium&illust_id=46739053"
"Mischief Test","10/26/2014 14:41","http://www.pixiv.net/member_illust.php?mode=medium&illust_id=46740459"
"静かな海の夢を見る","10/26/2014 15:47","http://www.pixiv.net/member_illust.php?mode=medium&illust_id=46741407"
"デュエルってすごい！","10/27/2014 03:17","http://www.pixiv.net/member_illust.php?mode=medium&illust_id=46755965"
"Believe","10/26/2014 11:55","http://www.pixiv.net/member_illust.php?mode=medium&illust_id=46738430"
"ハロウィンカボチャウォール","10/26/2014 00:38","http://www.pixiv.net/member_illust.php?mode=medium&illust_id=46732586"
"ランサー","10/26/2014 00:17","http://www.pixiv.net/member_illust.php?mode=medium&illust_id=46732005"
"絶対絶望少女","10/26/2014 00:08","http://www.pixiv.net/member_illust.php?mode=medium&illust_id=46731768"
"創作","10/26/2014 16:27","http://www.pixiv.net/member_illust.php?mode=medium&illust_id=46742077"
"蜂蜜姫ハニープリンセス","10/26/2014 16:09","http://www.pixiv.net/member_illust.php?mode=medium&illust_id=46741774"
"ケシゴム散歩","10/26/2014 12:10","http://www.pixiv.net/member_illust.php?mode=medium&illust_id=46738608"
"ことうみ花嫁ver","10/26/2014 15:57","http://www.pixiv.net/member_illust.php?mode=medium&illust_id=46741572"
"雪アヤノ","10/26/2014 15:29","http://www.pixiv.net/member_illust.php?mode=medium&illust_id=46741149"
"☁","10/26/2014 17:37","http://www.pixiv.net/member_illust.php?mode=medium&illust_id=46743301"
"躯ちゃん6","10/26/2014 00:44","http://www.pixiv.net/member_illust.php?mode=medium&illust_id=46732735"
"セーラービヴィーナスだおー三└(┐卍^o^)卍","10/26/2014 13:21","http://www.pixiv.net/member_illust.php?mode=medium&illust_id=46739443"
"はじまりの色","10/26/2014 00:50","http://www.pixiv.net/member_illust.php?mode=medium&illust_id=46732868"
"「腕組みを考える。」","10/26/2014 12:41","http://www.pixiv.net/member_illust.php?mode=medium&illust_id=46738968"
"朝の泉","10/27/2014 00:33","http://www.pixiv.net/member_illust.php?mode=medium&illust_id=46753422"
"ごーや","10/26/2014 01:50","http://www.pixiv.net/member_illust.php?mode=medium&illust_id=46734066"
"絶望の先に","10/26/2014 20:47","http://www.pixiv.net/member_illust.php?mode=medium&illust_id=46747058"
"半月の世界","10/27/2014 10:58","http://www.pixiv.net/member_illust.php?mode=medium&illust_id=46757730"
"ほしあかり","10/26/2014 22:31","http://www.pixiv.net/member_illust.php?mode=medium&illust_id=46749770"
"Amanha~ e' outro dia.","10/26/2014 00:03","http://www.pixiv.net/member_illust.php?mode=medium&illust_id=46731586"
"野崎くんログ4","10/27/2014 01:07","http://www.pixiv.net/member_illust.php?mode=medium&illust_id=46754244"
"まとめ18","10/26/2014 19:09","http://www.pixiv.net/member_illust.php?mode=medium&illust_id=46745035"
"～アキ～","10/26/2014 00:01","http://www.pixiv.net/member_illust.php?mode=medium&illust_id=46731495"
"躯ちゃん7","10/26/2014 01:12","http://www.pixiv.net/member_illust.php?mode=medium&illust_id=46733360"
"凛","10/26/2014 19:14","http://www.pixiv.net/member_illust.php?mode=medium&illust_id=46745130"
"Clover","10/26/2014 17:56","http://www.pixiv.net/member_illust.php?mode=medium&illust_id=46743654"
"ぼんぼる子","10/26/2014 16:02","http://www.pixiv.net/member_illust.php?mode=medium&illust_id=46741661"
"イリヤちゃん","10/27/2014 00:04","http://www.pixiv.net/member_illust.php?mode=medium&illust_id=46752541"
"なによ～、もう","10/26/2014 00:52","http://www.pixiv.net/member_illust.php?mode=medium&illust_id=46732908"
"無題 C01","10/27/2014 01:20","http://www.pixiv.net/member_illust.php?mode=medium&illust_id=46754497"
"躯ちゃん8","10/27/2014 15:41","http://www.pixiv.net/member_illust.php?mode=medium&illust_id=46759559"
"1026","10/26/2014 20:01","http://www.pixiv.net/member_illust.php?mode=medium&illust_id=46746063"
"博麗神社 秋季例大祭！","10/26/2014 00:14","http://www.pixiv.net/member_illust.php?mode=medium&illust_id=46731925"
"朝の泉","10/27/2014 00:33","http://www.pixiv.net/member_illust.php?mode=medium&illust_id=46753422"
"デュエルってすごい！","10/27/2014 03:17","http://www.pixiv.net/member_illust.php?mode=medium&illust_id=46755965"
"半月の世界","10/27/2014 10:58","http://www.pixiv.net/member_illust.php?mode=medium&illust_id=46757730"
"無題","10/27/2014 01:49","http://www.pixiv.net/member_illust.php?mode=medium&illust_id=46754984"
"らくがき","10/28/2014 00:35","http://www.pixiv.net/member_illust.php?mode=medium&illust_id=46768442"
"もふもふなのです","10/27/2014 21:56","http://www.pixiv.net/member_illust.php?mode=medium&illust_id=46764523"
"【ボツマシュ７】おじさんとマシュマロ２０．５②","10/28/2014 17:01","http://www.pixiv.net/member_illust.php?mode=medium&illust_id=46774767"
"【Dark Fairy】 - Lullaby","10/27/2014 23:06","http://www.pixiv.net/member_illust.php?mode=medium&illust_id=46766123"
"イリヤちゃん","10/27/2014 00:04","http://www.pixiv.net/member_illust.php?mode=medium&illust_id=46752541"
"無題 C01","10/27/2014 01:20","http://www.pixiv.net/member_illust.php?mode=medium&illust_id=46754497"
"真姫ちゃん","10/27/2014 00:31","http://www.pixiv.net/member_illust.php?mode=medium&illust_id=46753373"
"漣","10/28/2014 00:06","http://www.pixiv.net/member_illust.php?mode=medium&illust_id=46767727"
"墓地くらし","10/28/2014 09:59","http://www.pixiv.net/member_illust.php?mode=medium&illust_id=46772178"
"【甘党加湿器】タイムマシン","10/27/2014 20:05","http://www.pixiv.net/member_illust.php?mode=medium&illust_id=46762441"
"配達員№11","10/27/2014 07:33","http://www.pixiv.net/member_illust.php?mode=medium&illust_id=46756966"
"夕暮れタッチ","10/28/2014 00:20","http://www.pixiv.net/member_illust.php?mode=medium&illust_id=46768131"
"❀❀❀","10/27/2014 19:57","http://www.pixiv.net/member_illust.php?mode=medium&illust_id=46762317"
"ベビーベッドから出られないDIO様","10/27/2014 23:57","http://www.pixiv.net/member_illust.php?mode=medium&illust_id=46767417"
"艦これらくがき⑥","10/28/2014 00:39","http://www.pixiv.net/member_illust.php?mode=medium&illust_id=46768521"
"スマイルウィッチ","10/27/2014 19:46","http://www.pixiv.net/member_illust.php?mode=medium&illust_id=46762167"
"#Pokémon#No trading, no killing","10/27/2014 13:05","http://www.pixiv.net/member_illust.php?mode=medium&illust_id=46758565"
"【ボツマシュ６】【おじさんとマシュマロ２０．５】","10/27/2014 21:32","http://www.pixiv.net/member_illust.php?mode=medium&illust_id=46764015"
"ドリドリ","10/27/2014 00:04","http://www.pixiv.net/member_illust.php?mode=medium&illust_id=46752555"
"ハロウィンワトラ","10/28/2014 21:44","http://www.pixiv.net/member_illust.php?mode=medium&illust_id=46778544"
"141027","10/27/2014 00:15","http://www.pixiv.net/member_illust.php?mode=medium&illust_id=46752909"
"躯ちゃん8","10/27/2014 15:41","http://www.pixiv.net/member_illust.php?mode=medium&illust_id=46759559"
"母がゆるキャラになりました","10/28/2014 00:05","http://www.pixiv.net/member_illust.php?mode=medium&illust_id=46767676"
"柴ドッグ提督の穴埋め漫画詰め","10/28/2014 23:12","http://www.pixiv.net/member_illust.php?mode=medium&illust_id=46780524"
"躯ちゃん9","10/27/2014 20:41","http://www.pixiv.net/member_illust.php?mode=medium&illust_id=46763025"
"信さん","10/28/2014 01:04","http://www.pixiv.net/member_illust.php?mode=medium&illust_id=46769038"
"黒いカメラ男","10/27/2014 21:04","http://www.pixiv.net/member_illust.php?mode=medium&illust_id=46763434"
"Fateとか進撃とかジョジョとか","10/27/2014 01:35","http://www.pixiv.net/member_illust.php?mode=medium&illust_id=46754763"
"妖怪のせいなのね","10/27/2014 12:31","http://www.pixiv.net/member_illust.php?mode=medium&illust_id=46758310"
"Happy◎Halloween","10/27/2014 02:23","http://www.pixiv.net/member_illust.php?mode=medium&illust_id=46755457"
"帰宅部","10/28/2014 00:13","http://www.pixiv.net/member_illust.php?mode=medium&illust_id=46767935"
"Saber","10/28/2014 00:17","http://www.pixiv.net/member_illust.php?mode=medium&illust_id=46768050"
"鋼の錬金術師","10/27/2014 13:05","http://www.pixiv.net/member_illust.php?mode=medium&illust_id=46758567"
"黄金色の秋","10/28/2014 17:34","http://www.pixiv.net/member_illust.php?mode=medium&illust_id=46775076"
"私の熱いアイドル活動！","10/28/2014 00:15","http://www.pixiv.net/member_illust.php?mode=medium&illust_id=46767971"
"妖怪ウォッチ 現実版","10/28/2014 00:02","http://www.pixiv.net/member_illust.php?mode=medium&illust_id=46767608"
"衛宮士郎","10/27/2014 00:03","http://www.pixiv.net/member_illust.php?mode=medium&illust_id=46752519"
"犬走椛。","10/27/2014 00:26","http://www.pixiv.net/member_illust.php?mode=medium&illust_id=46753235"
"Halloween","10/27/2014 00:00","http://www.pixiv.net/member_illust.php?mode=medium&illust_id=46752398"
"MONADO","10/27/2014 18:32","http://www.pixiv.net/member_illust.php?mode=medium&illust_id=46761188"
"朋也の誕生日まであと3日！","10/27/2014 23:50","http://www.pixiv.net/member_illust.php?mode=medium&illust_id=46767258"
"那珂ちゃんアフター","10/28/2014 10:12","http://www.pixiv.net/member_illust.php?mode=medium&illust_id=46772238"
"ぞんびちゃん","10/28/2014 21:09","http://www.pixiv.net/member_illust.php?mode=medium&illust_id=46777901"
"さらばダスト惑星","10/27/2014 02:20","http://www.pixiv.net/member_illust.php?mode=medium&illust_id=46755428"
"漣","10/28/2014 00:06","http://www.pixiv.net/member_illust.php?mode=medium&illust_id=46767727"
"☆","10/29/2014 02:47","http://www.pixiv.net/member_illust.php?mode=medium&illust_id=46784347"
"夕暮れタッチ","10/28/2014 00:20","http://www.pixiv.net/member_illust.php?mode=medium&illust_id=46768131"
"ハロウィンワトラ","10/28/2014 21:44","http://www.pixiv.net/member_illust.php?mode=medium&illust_id=46778544"
"帰宅部","10/28/2014 00:13","http://www.pixiv.net/member_illust.php?mode=medium&illust_id=46767935"
"ユグドの手記","10/29/2014 00:56","http://www.pixiv.net/member_illust.php?mode=medium&illust_id=46783023"
"柴ドッグ提督の穴埋め漫画詰め","10/28/2014 23:12","http://www.pixiv.net/member_illust.php?mode=medium&illust_id=46780524"
"墓地くらし","10/28/2014 09:59","http://www.pixiv.net/member_illust.php?mode=medium&illust_id=46772178"
"艦これらくがき⑥","10/28/2014 00:39","http://www.pixiv.net/member_illust.php?mode=medium&illust_id=46768521"
"マフラー","10/28/2014 00:18","http://www.pixiv.net/member_illust.php?mode=medium&illust_id=46768067"
"黄金色の秋","10/28/2014 17:34","http://www.pixiv.net/member_illust.php?mode=medium&illust_id=46775076"
"ぞんびちゃん","10/28/2014 21:09","http://www.pixiv.net/member_illust.php?mode=medium&illust_id=46777901"
"Saber","10/28/2014 00:17","http://www.pixiv.net/member_illust.php?mode=medium&illust_id=46768050"
"ねぇ","10/28/2014 00:51","http://www.pixiv.net/member_illust.php?mode=medium&illust_id=46768765"
"私の熱いアイドル活動！","10/28/2014 00:15","http://www.pixiv.net/member_illust.php?mode=medium&illust_id=46767971"
"タイツのデニールについて","10/28/2014 17:04","http://www.pixiv.net/member_illust.php?mode=medium&illust_id=46774804"
"リンゴあめ農場","10/29/2014 11:54","http://www.pixiv.net/member_illust.php?mode=medium&illust_id=46786580"
"信さん","10/28/2014 01:04","http://www.pixiv.net/member_illust.php?mode=medium&illust_id=46769038"
"無題","10/29/2014 18:04","http://www.pixiv.net/member_illust.php?mode=medium&illust_id=46789228"
"朋也の誕生日まであと２日！","10/28/2014 21:38","http://www.pixiv.net/member_illust.php?mode=medium&illust_id=46778433"
"M e t e o r a 背景","10/29/2014 04:13","http://www.pixiv.net/member_illust.php?mode=medium&illust_id=46784839"
"海未ちゃん","10/29/2014 19:11","http://www.pixiv.net/member_illust.php?mode=medium&illust_id=46790061"
"ばちばち","10/29/2014 00:27","http://www.pixiv.net/member_illust.php?mode=medium&illust_id=46782406"
"自給自足ハロウィン","10/29/2014 01:56","http://www.pixiv.net/member_illust.php?mode=medium&illust_id=46783898"
"アンチホリディ","10/28/2014 13:03","http://www.pixiv.net/member_illust.php?mode=medium&illust_id=46773151"
"まどマギらくがき詰め","10/29/2014 02:19","http://www.pixiv.net/member_illust.php?mode=medium&illust_id=46784142"
"竹夏","10/29/2014 21:22","http://www.pixiv.net/member_illust.php?mode=medium&illust_id=46792061"
"Trick or Treat","10/28/2014 14:16","http://www.pixiv.net/member_illust.php?mode=medium&illust_id=46773592"
"ストラス","10/28/2014 21:27","http://www.pixiv.net/member_illust.php?mode=medium&illust_id=46778212"
"メジロ","10/29/2014 00:26","http://www.pixiv.net/member_illust.php?mode=medium&illust_id=46782393"
"＊","10/28/2014 09:15","http://www.pixiv.net/member_illust.php?mode=medium&illust_id=46772017"
"艦これ ワンドロまとめ その8","10/28/2014 00:46","http://www.pixiv.net/member_illust.php?mode=medium&illust_id=46768673"
"セイバー","10/28/2014 00:10","http://www.pixiv.net/member_illust.php?mode=medium&illust_id=46767847"
"躯ちゃん","10/28/2014 08:05","http://www.pixiv.net/member_illust.php?mode=medium&illust_id=46771771"
"がんばれがんばれにゃん♥","10/28/2014 01:27","http://www.pixiv.net/member_illust.php?mode=medium&illust_id=46769426"
"☆","10/28/2014 00:47","http://www.pixiv.net/member_illust.php?mode=medium&illust_id=46768687"
"King","10/28/2014 00:16","http://www.pixiv.net/member_illust.php?mode=medium&illust_id=46768003"
"躯ちゃん10","10/29/2014 09:28","http://www.pixiv.net/member_illust.php?mode=medium&illust_id=46785918"
"Happy Halloween","10/29/2014 16:53","http://www.pixiv.net/member_illust.php?mode=medium&illust_id=46788516"
"ラブライブ詰合せ！","10/29/2014 00:54","http://www.pixiv.net/member_illust.php?mode=medium&illust_id=46782997"
"お日様エルフ","10/28/2014 21:19","http://www.pixiv.net/member_illust.php?mode=medium&illust_id=46778061"
"ハロウィン","10/29/2014 00:03","http://www.pixiv.net/member_illust.php?mode=medium&illust_id=46781804"
"☆","10/29/2014 02:47","http://www.pixiv.net/member_illust.php?mode=medium&illust_id=46784347"
"ユグドの手記","10/29/2014 00:56","http://www.pixiv.net/member_illust.php?mode=medium&illust_id=46783023"
"海未ちゃん","10/29/2014 19:11","http://www.pixiv.net/member_illust.php?mode=medium&illust_id=46790061"
"ばちばち","10/29/2014 00:27","http://www.pixiv.net/member_illust.php?mode=medium&illust_id=46782406"
"M e t e o r a 背景","10/29/2014 04:13","http://www.pixiv.net/member_illust.php?mode=medium&illust_id=46784839"
"ラブライブ詰合せ！","10/29/2014 00:54","http://www.pixiv.net/member_illust.php?mode=medium&illust_id=46782997"
"竹夏","10/29/2014 21:22","http://www.pixiv.net/member_illust.php?mode=medium&illust_id=46792061"
"無題","10/29/2014 18:04","http://www.pixiv.net/member_illust.php?mode=medium&illust_id=46789228"
"-祈り唄-","10/29/2014 00:05","http://www.pixiv.net/member_illust.php?mode=medium&illust_id=46781867"
"アインツベルン","10/29/2014 03:23","http://www.pixiv.net/member_illust.php?mode=medium&illust_id=46784593"
"殴れまい","10/30/2014 18:40","http://www.pixiv.net/member_illust.php?mode=medium&illust_id=46804452"
"お菓子もらいにきました","10/29/2014 00:05","http://www.pixiv.net/member_illust.php?mode=medium&illust_id=46781869"
"Alice in Halloween","10/29/2014 00:22","http://www.pixiv.net/member_illust.php?mode=medium&illust_id=46782306"
"JK","10/29/2014 00:31","http://www.pixiv.net/member_illust.php?mode=medium&illust_id=46782514"
"リンゴあめ農場","10/29/2014 11:54","http://www.pixiv.net/member_illust.php?mode=medium&illust_id=46786580"
"朋也の誕生日まであと１日！","10/29/2014 19:52","http://www.pixiv.net/member_illust.php?mode=medium&illust_id=46790570"
"メジロ","10/29/2014 00:26","http://www.pixiv.net/member_illust.php?mode=medium&illust_id=46782393"
"みくずきん","10/29/2014 20:32","http://www.pixiv.net/member_illust.php?mode=medium&illust_id=46791177"
"コップのフチのポケモン","10/30/2014 19:34","http://www.pixiv.net/member_illust.php?mode=medium&illust_id=46805158"
"「鵺野先生、」","10/30/2014 04:17","http://www.pixiv.net/member_illust.php?mode=medium&illust_id=46799182"
"ドリフたち","10/30/2014 01:52","http://www.pixiv.net/member_illust.php?mode=medium&illust_id=46798005"
"ハロウィン","10/29/2014 19:51","http://www.pixiv.net/member_illust.php?mode=medium&illust_id=46790566"
"Happy Halloween","10/29/2014 16:53","http://www.pixiv.net/member_illust.php?mode=medium&illust_id=46788516"
"大きな鞄の","10/29/2014 08:12","http://www.pixiv.net/member_illust.php?mode=medium&illust_id=46785648"
"恋の季節","10/29/2014 19:17","http://www.pixiv.net/member_illust.php?mode=medium&illust_id=46790132"
"Halloween","10/29/2014 00:10","http://www.pixiv.net/member_illust.php?mode=medium&illust_id=46782000"
"伊利亚+打底裤+内增高","10/29/2014 18:25","http://www.pixiv.net/member_illust.php?mode=medium&illust_id=46789471"
"真姫の半分コキャンペン","10/29/2014 09:35","http://www.pixiv.net/member_illust.php?mode=medium&illust_id=46785947"
"まどマギらくがき詰め","10/29/2014 02:19","http://www.pixiv.net/member_illust.php?mode=medium&illust_id=46784142"
"仮装ちゃん","10/30/2014 15:19","http://www.pixiv.net/member_illust.php?mode=medium&illust_id=46802441"
"Halloween","10/29/2014 00:16","http://www.pixiv.net/member_illust.php?mode=medium&illust_id=46782158"
"らんま","10/29/2014 19:41","http://www.pixiv.net/member_illust.php?mode=medium&illust_id=46790429"
"死ねない死ねない午前4時","10/29/2014 23:22","http://www.pixiv.net/member_illust.php?mode=medium&illust_id=46794784"
"ブラック・ブレット落書き詰め合わせ","10/30/2014 17:08","http://www.pixiv.net/member_illust.php?mode=medium&illust_id=46803371"
"美少女戦士セーラームーン","10/30/2014 00:01","http://www.pixiv.net/member_illust.php?mode=medium&illust_id=46795820"
"躯ちゃん１１","10/30/2014 03:23","http://www.pixiv.net/member_illust.php?mode=medium&illust_id=46798886"
"ハロウィン","10/29/2014 00:03","http://www.pixiv.net/member_illust.php?mode=medium&illust_id=46781804"
"市松小雛","10/30/2014 00:01","http://www.pixiv.net/member_illust.php?mode=medium&illust_id=46795840"
"お菓子をくれないとわしわしするよぉ～～？","10/29/2014 01:10","http://www.pixiv.net/member_illust.php?mode=medium&illust_id=46783295"
"黒猫ゾンビちゃん","10/29/2014 23:00","http://www.pixiv.net/member_illust.php?mode=medium&illust_id=46794284"
"氷の城","10/29/2014 12:46","http://www.pixiv.net/member_illust.php?mode=medium&illust_id=46786880"
"Happy Halloween!","10/30/2014 19:45","http://www.pixiv.net/member_illust.php?mode=medium&illust_id=46805306"
"ぴょ？","10/29/2014 18:01","http://www.pixiv.net/member_illust.php?mode=medium&illust_id=46789201"
"ディアンヌ from 七つの大罪","10/29/2014 01:48","http://www.pixiv.net/member_illust.php?mode=medium&illust_id=46783811"
"紅葉さん","10/30/2014 20:37","http://www.pixiv.net/member_illust.php?mode=medium&illust_id=46806194"
"踊おどりましょう","10/30/2014 00:13","http://www.pixiv.net/member_illust.php?mode=medium&illust_id=46796190"
"おかしな話","10/31/2014 12:40","http://www.pixiv.net/member_illust.php?mode=medium&illust_id=46820676"
"オカシオイテケ！","10/31/2014 22:43","http://www.pixiv.net/member_illust.php?mode=medium&illust_id=46833706"
"魔物たちの嗤う夜","10/31/2014 00:00","http://www.pixiv.net/member_illust.php?mode=medium&illust_id=46811645"
"HALLOWEEN","10/31/2014 14:56","http://www.pixiv.net/member_illust.php?mode=medium&illust_id=46821932"
"ばってんが！","10/31/2014 02:30","http://www.pixiv.net/member_illust.php?mode=medium&illust_id=46816270"
"紅魔館","10/31/2014 00:04","http://www.pixiv.net/member_illust.php?mode=medium&illust_id=46812020"
"Happy Halloween","10/31/2014 11:24","http://www.pixiv.net/member_illust.php?mode=medium&illust_id=46820036"
"まじょこ","10/31/2014 12:03","http://www.pixiv.net/member_illust.php?mode=medium&illust_id=46820355"
"人外×女子高生ミックス２","11/1/2014 14:18","http://www.pixiv.net/member_illust.php?mode=medium&illust_id=46849031"
"らくがき","10/31/2014 00:07","http://www.pixiv.net/member_illust.php?mode=medium&illust_id=46812216"
"はろいあ","10/31/2014 22:00","http://www.pixiv.net/member_illust.php?mode=medium&illust_id=46831736"
"決戦前夜2014","10/31/2014 16:23","http://www.pixiv.net/member_illust.php?mode=medium&illust_id=46822964"
"甘城ブリリアントパーク","11/1/2014 12:50","http://www.pixiv.net/member_illust.php?mode=medium&illust_id=46847981"
"天空のファンタジア","10/31/2014 00:49","http://www.pixiv.net/member_illust.php?mode=medium&illust_id=46814076"
"零log","10/31/2014 07:13","http://www.pixiv.net/member_illust.php?mode=medium&illust_id=46818348"
"黎明ノ景","10/31/2014 06:51","http://www.pixiv.net/member_illust.php?mode=medium&illust_id=46818234"
"カボチャの悪魔","10/31/2014 22:54","http://www.pixiv.net/member_illust.php?mode=medium&illust_id=46834235"
"凪のあすから","11/1/2014 02:19","http://www.pixiv.net/member_illust.php?mode=medium&illust_id=46843033"
"TRICK OR LOVE ARROW?","10/31/2014 00:00","http://www.pixiv.net/member_illust.php?mode=medium&illust_id=46811556"
"はろうぃ～ん","10/31/2014 20:53","http://www.pixiv.net/member_illust.php?mode=medium&illust_id=46829078"
"面を被って縁結び","11/1/2014 00:36","http://www.pixiv.net/member_illust.php?mode=medium&illust_id=46840216"
"Hallowe'en！","10/31/2014 10:31","http://www.pixiv.net/member_illust.php?mode=medium&illust_id=46819603"
"はっぴ～にゃ～すで～","11/1/2014 00:00","http://www.pixiv.net/member_illust.php?mode=medium&illust_id=46838370"
"ありがとう","11/1/2014 03:00","http://www.pixiv.net/member_illust.php?mode=medium&illust_id=46843611"
"冬コミ受かりました！","11/1/2014 03:11","http://www.pixiv.net/member_illust.php?mode=medium&illust_id=46843745"
"神社の夏","11/1/2014 00:14","http://www.pixiv.net/member_illust.php?mode=medium&illust_id=46839247"
"p-girl","10/31/2014 00:32","http://www.pixiv.net/member_illust.php?mode=medium&illust_id=46813477"
"しにこん！！","10/31/2014 00:57","http://www.pixiv.net/member_illust.php?mode=medium&illust_id=46814308"
"HAPPY HALLOWEEEEEN!!","10/31/2014 18:53","http://www.pixiv.net/member_illust.php?mode=medium&illust_id=46825887"
"halloween!","10/31/2014 00:00","http://www.pixiv.net/member_illust.php?mode=medium&illust_id=46811465"
"デスクトップ型ベタ塗り千代ちゃん","11/1/2014 14:44","http://www.pixiv.net/member_illust.php?mode=medium&illust_id=46849383"
"ツイッター落書きまとめ","10/31/2014 21:02","http://www.pixiv.net/member_illust.php?mode=medium&illust_id=46829434"
"ハロウィンちゃん","10/31/2014 00:39","http://www.pixiv.net/member_illust.php?mode=medium&illust_id=46813754"
"Trick or treat","10/31/2014 00:05","http://www.pixiv.net/member_illust.php?mode=medium&illust_id=46812105"
"Happy Halloween.","10/31/2014 19:53","http://www.pixiv.net/member_illust.php?mode=medium&illust_id=46827323"
"眼鏡","10/31/2014 01:48","http://www.pixiv.net/member_illust.php?mode=medium&illust_id=46815562"
"落書きまとめ1003-1030","10/31/2014 00:01","http://www.pixiv.net/member_illust.php?mode=medium&illust_id=46811844"
"Treatのほう","10/31/2014 23:03","http://www.pixiv.net/member_illust.php?mode=medium&illust_id=46834728"
"灯","10/31/2014 22:30","http://www.pixiv.net/member_illust.php?mode=medium&illust_id=46833036"
"Happy halloween !","10/31/2014 23:45","http://www.pixiv.net/member_illust.php?mode=medium&illust_id=46837072"
"いつか見た２人","10/31/2014 01:31","http://www.pixiv.net/member_illust.php?mode=medium&illust_id=46815200"
"ワンドロ他まとめ　08","10/31/2014 00:04","http://www.pixiv.net/member_illust.php?mode=medium&illust_id=46812001"
"お久しぶりですよ——","10/31/2014 00:00","http://www.pixiv.net/member_illust.php?mode=medium&illust_id=46811669"
"Unlimited Blade Works","11/2/2014 00:02","http://www.pixiv.net/member_illust.php?mode=medium&illust_id=46861162"
"凪のあすから","11/1/2014 02:19","http://www.pixiv.net/member_illust.php?mode=medium&illust_id=46843033"
"steampunk rhapsodia","11/1/2014 00:25","http://www.pixiv.net/member_illust.php?mode=medium&illust_id=46839740"
"甘城ブリリアントパーク","11/1/2014 12:50","http://www.pixiv.net/member_illust.php?mode=medium&illust_id=46847981"
"デスクトップ型ベタ塗り千代ちゃん","11/1/2014 14:44","http://www.pixiv.net/member_illust.php?mode=medium&illust_id=46849383"
"Fateつめ２","11/1/2014 01:15","http://www.pixiv.net/member_illust.php?mode=medium&illust_id=46841555"
"神社の夏","11/1/2014 00:14","http://www.pixiv.net/member_illust.php?mode=medium&illust_id=46839247"
"ありがとう","11/1/2014 03:00","http://www.pixiv.net/member_illust.php?mode=medium&illust_id=46843611"
"❀❀❀❀❀❀","11/2/2014 00:15","http://www.pixiv.net/member_illust.php?mode=medium&illust_id=46861577"
"面を被って縁結び","11/1/2014 00:36","http://www.pixiv.net/member_illust.php?mode=medium&illust_id=46840216"
"【創作】騎士サーの姫","11/1/2014 23:08","http://www.pixiv.net/member_illust.php?mode=medium&illust_id=46859415"
"遠坂凛","11/2/2014 10:21","http://www.pixiv.net/member_illust.php?mode=medium&illust_id=46867768"
"初音ミク","11/1/2014 00:03","http://www.pixiv.net/member_illust.php?mode=medium&illust_id=46838577"
"はっぴ～にゃ～すで～","11/1/2014 00:00","http://www.pixiv.net/member_illust.php?mode=medium&illust_id=46838370"
"セイバー","11/1/2014 20:30","http://www.pixiv.net/member_illust.php?mode=medium&illust_id=46855269"
"ハロウィン天津風","11/1/2014 17:59","http://www.pixiv.net/member_illust.php?mode=medium&illust_id=46852517"
"誰でも可愛くなれる","11/1/2014 00:58","http://www.pixiv.net/member_illust.php?mode=medium&illust_id=46840996"
"凛ちゃんはぴばす！","11/1/2014 21:49","http://www.pixiv.net/member_illust.php?mode=medium&illust_id=46857205"
"ガンダムに命を狙われる希","11/1/2014 00:06","http://www.pixiv.net/member_illust.php?mode=medium&illust_id=46838807"
"ディアンドルお姉ちゃん","11/1/2014 18:55","http://www.pixiv.net/member_illust.php?mode=medium&illust_id=46853505"
"Love wing bell","11/1/2014 00:05","http://www.pixiv.net/member_illust.php?mode=medium&illust_id=46838698"
"柿の種","11/2/2014 12:14","http://www.pixiv.net/member_illust.php?mode=medium&illust_id=46868926"
"最高の日","11/1/2014 00:44","http://www.pixiv.net/member_illust.php?mode=medium&illust_id=46840530"
"凛ちゃんおめでとう・・・!!!","11/1/2014 00:00","http://www.pixiv.net/member_illust.php?mode=medium&illust_id=46838331"
"ハロはろ2014","11/1/2014 18:16","http://www.pixiv.net/member_illust.php?mode=medium&illust_id=46852816"
"艦これのワンドロあげとくよー その2","11/1/2014 16:58","http://www.pixiv.net/member_illust.php?mode=medium&illust_id=46851468"
"pink♡halloween","11/1/2014 02:03","http://www.pixiv.net/member_illust.php?mode=medium&illust_id=46842734"
"黒桜","11/2/2014 13:09","http://www.pixiv.net/member_illust.php?mode=medium&illust_id=46869565"
"夕張","11/2/2014 01:14","http://www.pixiv.net/member_illust.php?mode=medium&illust_id=46863279"
"✿Happy Halloween2014✿","11/1/2014 16:34","http://www.pixiv.net/member_illust.php?mode=medium&illust_id=46851018"
"おめでとりんぱな！","11/1/2014 02:29","http://www.pixiv.net/member_illust.php?mode=medium&illust_id=46843199"
"11月が来たぞ","11/1/2014 21:59","http://www.pixiv.net/member_illust.php?mode=medium&illust_id=46857459"
"強欲の悪魔姫　マモン","11/1/2014 21:22","http://www.pixiv.net/member_illust.php?mode=medium&illust_id=46856454"
"くるくるふわふわ","11/2/2014 00:00","http://www.pixiv.net/member_illust.php?mode=medium&illust_id=46861069"
"クルル","11/2/2014 03:32","http://www.pixiv.net/member_illust.php?mode=medium&illust_id=46865486"
"HAPPY BIRTHDAY RIN！","11/1/2014 12:02","http://www.pixiv.net/member_illust.php?mode=medium&illust_id=46847449"
"ハロウィン","11/1/2014 13:18","http://www.pixiv.net/member_illust.php?mode=medium&illust_id=46848328"
"Mellow","11/1/2014 19:15","http://www.pixiv.net/member_illust.php?mode=medium&illust_id=46853881"
"Rin HAPPY BIRTHDAY","11/1/2014 01:35","http://www.pixiv.net/member_illust.php?mode=medium&illust_id=46842108"
"Happy Birthday","11/1/2014 18:31","http://www.pixiv.net/member_illust.php?mode=medium&illust_id=46853071"
"温厚チート級人外をどうにかして俺の彼氏にしたいんだが 7~12","11/1/2014 21:17","http://www.pixiv.net/member_illust.php?mode=medium&illust_id=46856334"
"RABBIT APPLE","11/1/2014 22:06","http://www.pixiv.net/member_illust.php?mode=medium&illust_id=46857664"
"タマ","11/1/2014 22:32","http://www.pixiv.net/member_illust.php?mode=medium&illust_id=46858357"
"ノエル","11/1/2014 17:29","http://www.pixiv.net/member_illust.php?mode=medium&illust_id=46851971"
"Unlimited Blade Works","11/2/2014 00:02","http://www.pixiv.net/member_illust.php?mode=medium&illust_id=46861162"
"❀❀❀❀❀❀","11/2/2014 00:15","http://www.pixiv.net/member_illust.php?mode=medium&illust_id=46861577"
"☆★☆","11/2/2014 10:51","http://www.pixiv.net/member_illust.php?mode=medium&illust_id=46868008"
"遠坂凛","11/2/2014 10:21","http://www.pixiv.net/member_illust.php?mode=medium&illust_id=46867768"
"夕張（私服）","11/2/2014 01:23","http://www.pixiv.net/member_illust.php?mode=medium&illust_id=46863484"
"黒桜","11/2/2014 13:09","http://www.pixiv.net/member_illust.php?mode=medium&illust_id=46869565"
"【ピカチュウ100企画】よみきかせ","11/2/2014 20:38","http://www.pixiv.net/member_illust.php?mode=medium&illust_id=46877178"
"夕張","11/2/2014 01:14","http://www.pixiv.net/member_illust.php?mode=medium&illust_id=46863279"
"リリス","11/3/2014 00:18","http://www.pixiv.net/member_illust.php?mode=medium&illust_id=46883480"
"ウェイブとクロメ","11/2/2014 21:49","http://www.pixiv.net/member_illust.php?mode=medium&illust_id=46878938"
"クルル","11/2/2014 03:32","http://www.pixiv.net/member_illust.php?mode=medium&illust_id=46865486"
"弓凛LOG","11/2/2014 01:09","http://www.pixiv.net/member_illust.php?mode=medium&illust_id=46863128"
"UBW","11/3/2014 17:02","http://www.pixiv.net/member_illust.php?mode=medium&illust_id=46894517"
"くるくるふわふわ","11/2/2014 00:00","http://www.pixiv.net/member_illust.php?mode=medium&illust_id=46861069"
"1102","11/2/2014 19:04","http://www.pixiv.net/member_illust.php?mode=medium&illust_id=46875355"
"艦19","11/3/2014 00:19","http://www.pixiv.net/member_illust.php?mode=medium&illust_id=46883531"
"正義のヒーローに恋する♀怪人ちゃん","11/2/2014 23:17","http://www.pixiv.net/member_illust.php?mode=medium&illust_id=46881388"
"むーっとしてる娘","11/3/2014 12:30","http://www.pixiv.net/member_illust.php?mode=medium&illust_id=46890839"
"春の雪","11/3/2014 00:05","http://www.pixiv.net/member_illust.php?mode=medium&illust_id=46883006"
"柿の種","11/2/2014 12:14","http://www.pixiv.net/member_illust.php?mode=medium&illust_id=46868926"
"まどマギ詰め","11/2/2014 10:56","http://www.pixiv.net/member_illust.php?mode=medium&illust_id=46868057"
"僕が死のうと思ったのは","11/2/2014 04:22","http://www.pixiv.net/member_illust.php?mode=medium&illust_id=46865894"
"ミン誕!!","11/3/2014 00:26","http://www.pixiv.net/member_illust.php?mode=medium&illust_id=46883757"
"親指丈の姫君","11/3/2014 20:24","http://www.pixiv.net/member_illust.php?mode=medium&illust_id=46898467"
"白雪","11/3/2014 22:41","http://www.pixiv.net/member_illust.php?mode=medium&illust_id=46902217"
"緋の意志","11/3/2014 00:02","http://www.pixiv.net/member_illust.php?mode=medium&illust_id=46882918"
"赤ずきん","11/3/2014 01:14","http://www.pixiv.net/member_illust.php?mode=medium&illust_id=46885094"
"【100100ピカチュウ】せかいでいちばんピカチュウさま！？","11/3/2014 00:11","http://www.pixiv.net/member_illust.php?mode=medium&illust_id=46883248"
"雪国の魔女","11/2/2014 00:28","http://www.pixiv.net/member_illust.php?mode=medium&illust_id=46862015"
"Kosmetika","11/2/2014 00:28","http://www.pixiv.net/member_illust.php?mode=medium&illust_id=46862013"
"凛誕","11/2/2014 01:53","http://www.pixiv.net/member_illust.php?mode=medium&illust_id=46864096"
"Adelais","11/2/2014 05:52","http://www.pixiv.net/member_illust.php?mode=medium&illust_id=46866391"
"女神フレイヤ","11/2/2014 13:56","http://www.pixiv.net/member_illust.php?mode=medium&illust_id=46870164"
"「あいつ、こんなお嬢様っぽい服着るんだ…」","11/2/2014 03:17","http://www.pixiv.net/member_illust.php?mode=medium&illust_id=46865342"
"Не порок, а большая радость","11/3/2014 17:41","http://www.pixiv.net/member_illust.php?mode=medium&illust_id=46895297"
"Reindeer(通販開始のおしらせ）","11/3/2014 06:21","http://www.pixiv.net/member_illust.php?mode=medium&illust_id=46888153"
"星空の唄","11/3/2014 01:26","http://www.pixiv.net/member_illust.php?mode=medium&illust_id=46885352"
"「幸福とは何か」","11/2/2014 13:18","http://www.pixiv.net/member_illust.php?mode=medium&illust_id=46869666"
"いばら姫","11/3/2014 04:40","http://www.pixiv.net/member_illust.php?mode=medium&illust_id=46887724"
"静還","11/3/2014 00:41","http://www.pixiv.net/member_illust.php?mode=medium&illust_id=46884233"
"Trick or Treat！","11/2/2014 00:18","http://www.pixiv.net/member_illust.php?mode=medium&illust_id=46861693"
"若女将とまな板ちゃんの話デスw","11/2/2014 21:48","http://www.pixiv.net/member_illust.php?mode=medium&illust_id=46878908"
"まいくろびきに","11/2/2014 22:43","http://www.pixiv.net/member_illust.php?mode=medium&illust_id=46880447"
"凛ちゃんたんじょうび","11/2/2014 17:40","http://www.pixiv.net/member_illust.php?mode=medium&illust_id=46873778"
"劍凛ヽ(°▽°)ノ","11/2/2014 00:28","http://www.pixiv.net/member_illust.php?mode=medium&illust_id=46862011"
"白雪","11/3/2014 22:41","http://www.pixiv.net/member_illust.php?mode=medium&illust_id=46902217"
"UBW","11/3/2014 17:02","http://www.pixiv.net/member_illust.php?mode=medium&illust_id=46894517"
"リリス","11/3/2014 00:18","http://www.pixiv.net/member_illust.php?mode=medium&illust_id=46883480"
"浮遊遺跡ライトアップ","11/4/2014 00:14","http://www.pixiv.net/member_illust.php?mode=medium&illust_id=46905476"
"キリッ","11/3/2014 11:18","http://www.pixiv.net/member_illust.php?mode=medium&illust_id=46890055"
"waiter & waitress","11/3/2014 16:04","http://www.pixiv.net/member_illust.php?mode=medium&illust_id=46893627"
"赤ずきん","11/3/2014 01:14","http://www.pixiv.net/member_illust.php?mode=medium&illust_id=46885094"
"m.i","11/3/2014 01:03","http://www.pixiv.net/member_illust.php?mode=medium&illust_id=46884799"
"親指丈の姫君","11/3/2014 20:24","http://www.pixiv.net/member_illust.php?mode=medium&illust_id=46898467"
"Не порок, а большая радость","11/3/2014 17:41","http://www.pixiv.net/member_illust.php?mode=medium&illust_id=46895297"
"緋の意志","11/3/2014 00:02","http://www.pixiv.net/member_illust.php?mode=medium&illust_id=46882918"
"艦これ","11/3/2014 00:59","http://www.pixiv.net/member_illust.php?mode=medium&illust_id=46884701"
"オメシワトル","11/3/2014 23:39","http://www.pixiv.net/member_illust.php?mode=medium&illust_id=46904137"
"悪党","11/4/2014 18:05","http://www.pixiv.net/member_illust.php?mode=medium&illust_id=46913415"
"SAO詰め合わせ","11/3/2014 10:16","http://www.pixiv.net/member_illust.php?mode=medium&illust_id=46889460"
"おさぼり魔女","11/3/2014 00:18","http://www.pixiv.net/member_illust.php?mode=medium&illust_id=46883491"
"アリス","11/3/2014 01:00","http://www.pixiv.net/member_illust.php?mode=medium&illust_id=46884735"
"凛＆アーチャー","11/3/2014 20:43","http://www.pixiv.net/member_illust.php?mode=medium&illust_id=46898915"
"星空の唄","11/3/2014 01:26","http://www.pixiv.net/member_illust.php?mode=medium&illust_id=46885352"
"まことちゃんとまこちー","11/3/2014 00:18","http://www.pixiv.net/member_illust.php?mode=medium&illust_id=46883493"
"トーカちゃん","11/3/2014 18:39","http://www.pixiv.net/member_illust.php?mode=medium&illust_id=46896394"
"Reindeer(通販開始のおしらせ）","11/3/2014 06:21","http://www.pixiv.net/member_illust.php?mode=medium&illust_id=46888153"
"Magician","11/3/2014 14:14","http://www.pixiv.net/member_illust.php?mode=medium&illust_id=46892086"
"戻れない「昨日」","11/4/2014 18:12","http://www.pixiv.net/member_illust.php?mode=medium&illust_id=46913495"
"五月雨五月雨撃ち","11/4/2014 16:50","http://www.pixiv.net/member_illust.php?mode=medium&illust_id=46912680"
"*","11/3/2014 00:45","http://www.pixiv.net/member_illust.php?mode=medium&illust_id=46884332"
":*:･❀･:*:","11/4/2014 00:49","http://www.pixiv.net/member_illust.php?mode=medium&illust_id=46906400"
"いばら姫","11/3/2014 04:40","http://www.pixiv.net/member_illust.php?mode=medium&illust_id=46887724"
"HAPPY　BIRTHDAY！","11/4/2014 05:43","http://www.pixiv.net/member_illust.php?mode=medium&illust_id=46909040"
"**","11/3/2014 10:24","http://www.pixiv.net/member_illust.php?mode=medium&illust_id=46889528"
"Halloween","11/4/2014 13:19","http://www.pixiv.net/member_illust.php?mode=medium&illust_id=46911108"
"夕方","11/3/2014 00:13","http://www.pixiv.net/member_illust.php?mode=medium&illust_id=46883335"
"アリス♪","11/3/2014 20:21","http://www.pixiv.net/member_illust.php?mode=medium&illust_id=46898408"
"​","11/3/2014 01:40","http://www.pixiv.net/member_illust.php?mode=medium&illust_id=46885624"
"PNT詰。","11/3/2014 21:04","http://www.pixiv.net/member_illust.php?mode=medium&illust_id=46899424"
"こんな凶暴なポケモンもこの通り！！","11/4/2014 20:18","http://www.pixiv.net/member_illust.php?mode=medium&illust_id=46915169"
"兄妹","11/3/2014 00:00","http://www.pixiv.net/member_illust.php?mode=medium&illust_id=46882784"
"刻印の魔女アンリアル","11/3/2014 22:38","http://www.pixiv.net/member_illust.php?mode=medium&illust_id=46902107"
"８枚","11/3/2014 00:05","http://www.pixiv.net/member_illust.php?mode=medium&illust_id=46883005"
"アイーダ様","11/4/2014 21:22","http://www.pixiv.net/member_illust.php?mode=medium&illust_id=46916285"
"かぐや姫","11/3/2014 23:04","http://www.pixiv.net/member_illust.php?mode=medium&illust_id=46902936"
"天使 Mashhit","11/3/2014 22:25","http://www.pixiv.net/member_illust.php?mode=medium&illust_id=46901723"
"浮遊遺跡ライトアップ","11/4/2014 00:14","http://www.pixiv.net/member_illust.php?mode=medium&illust_id=46905476"
"Saber","11/4/2014 00:04","http://www.pixiv.net/member_illust.php?mode=medium&illust_id=46905105"
"少女","11/4/2014 18:29","http://www.pixiv.net/member_illust.php?mode=medium&illust_id=46913688"
":*:･❀･:*:","11/4/2014 00:49","http://www.pixiv.net/member_illust.php?mode=medium&illust_id=46906400"
"ランダム島風","11/5/2014 00:06","http://www.pixiv.net/member_illust.php?mode=medium&illust_id=46920340"
"戻れない「昨日」","11/4/2014 18:12","http://www.pixiv.net/member_illust.php?mode=medium&illust_id=46913495"
"♡","11/5/2014 06:00","http://www.pixiv.net/member_illust.php?mode=medium&illust_id=46923937"
"悪党","11/4/2014 18:05","http://www.pixiv.net/member_illust.php?mode=medium&illust_id=46913415"
"五月雨五月雨撃ち","11/4/2014 16:50","http://www.pixiv.net/member_illust.php?mode=medium&illust_id=46912680"
"Halloween","11/4/2014 13:19","http://www.pixiv.net/member_illust.php?mode=medium&illust_id=46911108"
"東方ワンドロ詰め合わせ10枚","11/5/2014 17:55","http://www.pixiv.net/member_illust.php?mode=medium&illust_id=46927889"
"おじさんとマシュマロSEN-DEN","11/5/2014 14:22","http://www.pixiv.net/member_illust.php?mode=medium&illust_id=46926151"
"saber","11/5/2014 00:28","http://www.pixiv.net/member_illust.php?mode=medium&illust_id=46920893"
"お姉ちゃん！","11/5/2014 17:56","http://www.pixiv.net/member_illust.php?mode=medium&illust_id=46927899"
"◎｡･:*:･","11/5/2014 00:12","http://www.pixiv.net/member_illust.php?mode=medium&illust_id=46920499"
"冬","11/4/2014 22:04","http://www.pixiv.net/member_illust.php?mode=medium&illust_id=46917140"
"HAPPY　BIRTHDAY！","11/4/2014 05:43","http://www.pixiv.net/member_illust.php?mode=medium&illust_id=46909040"
"こんな凶暴なポケモンもこの通り！！","11/4/2014 20:18","http://www.pixiv.net/member_illust.php?mode=medium&illust_id=46915169"
"Plus Ultra!","11/4/2014 16:45","http://www.pixiv.net/member_illust.php?mode=medium&illust_id=46912642"
"雪狼と赤頭巾","11/4/2014 23:37","http://www.pixiv.net/member_illust.php?mode=medium&illust_id=46919501"
"THE LAST","11/4/2014 01:59","http://www.pixiv.net/member_illust.php?mode=medium&illust_id=46907639"
"海外まとめ","11/4/2014 19:00","http://www.pixiv.net/member_illust.php?mode=medium&illust_id=46914096"
"TEW","11/5/2014 01:12","http://www.pixiv.net/member_illust.php?mode=medium&illust_id=46921782"
"さくら","11/5/2014 11:26","http://www.pixiv.net/member_illust.php?mode=medium&illust_id=46925157"
"アイーダ様","11/4/2014 21:22","http://www.pixiv.net/member_illust.php?mode=medium&illust_id=46916285"
"【100100ピカチュウ】こらっ！","11/5/2014 16:34","http://www.pixiv.net/member_illust.php?mode=medium&illust_id=46927094"
"赤い旗","11/5/2014 00:00","http://www.pixiv.net/member_illust.php?mode=medium&illust_id=46920139"
"絶望少女+αらくがきまとめ","11/4/2014 04:14","http://www.pixiv.net/member_illust.php?mode=medium&illust_id=46908702"
"この声がいつまでも","11/5/2014 00:00","http://www.pixiv.net/member_illust.php?mode=medium&illust_id=46920094"
"グラウスタンディア皇国物語３","11/4/2014 02:40","http://www.pixiv.net/member_illust.php?mode=medium&illust_id=46908066"
"【C87】受かりました！！【新刊表紙】","11/5/2014 00:50","http://www.pixiv.net/member_illust.php?mode=medium&illust_id=46921386"
"躯ちゃん13","11/5/2014 20:43","http://www.pixiv.net/member_illust.php?mode=medium&illust_id=46930016"
"蒼い幻想/涙のスピード","11/4/2014 03:07","http://www.pixiv.net/member_illust.php?mode=medium&illust_id=46908297"
"凛ちゃんの誕生日！","11/4/2014 01:37","http://www.pixiv.net/member_illust.php?mode=medium&illust_id=46907320"
"おやすみ仕事人","11/4/2014 18:54","http://www.pixiv.net/member_illust.php?mode=medium&illust_id=46914023"
"おこ真姫ちゃん","11/4/2014 03:39","http://www.pixiv.net/member_illust.php?mode=medium&illust_id=46908531"
"デジタル","11/5/2014 03:17","http://www.pixiv.net/member_illust.php?mode=medium&illust_id=46923223"
"比叡ぴたシート","11/4/2014 00:47","http://www.pixiv.net/member_illust.php?mode=medium&illust_id=46906367"
"東洋竜さんと西洋竜さん【いろいろ詰め14〜西〜】","11/4/2014 18:23","http://www.pixiv.net/member_illust.php?mode=medium&illust_id=46913621"
"チャイナ服のμ's大集合！","11/5/2014 01:00","http://www.pixiv.net/member_illust.php?mode=medium&illust_id=46921548"
"男の子もアイドルになれる","11/4/2014 00:12","http://www.pixiv.net/member_illust.php?mode=medium&illust_id=46905415"
"躯ちゃん14","11/5/2014 20:49","http://www.pixiv.net/member_illust.php?mode=medium&illust_id=46930132"
"ウェイクロ落書き詰め","11/5/2014 00:47","http://www.pixiv.net/member_illust.php?mode=medium&illust_id=46921308"
"天海春香さん","11/4/2014 00:14","http://www.pixiv.net/member_illust.php?mode=medium&illust_id=46905475"
"紺色セーラーワンピ","11/5/2014 00:36","http://www.pixiv.net/member_illust.php?mode=medium&illust_id=46921073"
"目指せイラストレーター…その3","11/4/2014 21:54","http://www.pixiv.net/member_illust.php?mode=medium&illust_id=46916958"
"セブンスドラゴン2020-Ⅱキャスト＆スタッフさん宛の色紙まとめ","11/6/2014 00:23","http://www.pixiv.net/member_illust.php?mode=medium&illust_id=46934970"
"♡","11/5/2014 06:00","http://www.pixiv.net/member_illust.php?mode=medium&illust_id=46923937"
"ランダム島風","11/5/2014 00:06","http://www.pixiv.net/member_illust.php?mode=medium&illust_id=46920340"
"お姉ちゃん！","11/5/2014 17:56","http://www.pixiv.net/member_illust.php?mode=medium&illust_id=46927899"
"saber","11/5/2014 00:28","http://www.pixiv.net/member_illust.php?mode=medium&illust_id=46920893"
"【100100ピカチュウ】こらっ！","11/5/2014 16:34","http://www.pixiv.net/member_illust.php?mode=medium&illust_id=46927094"
"さくら","11/5/2014 11:26","http://www.pixiv.net/member_illust.php?mode=medium&illust_id=46925157"
"おじさんとマシュマロSEN-DEN","11/5/2014 14:22","http://www.pixiv.net/member_illust.php?mode=medium&illust_id=46926151"
"この声がいつまでも","11/5/2014 00:00","http://www.pixiv.net/member_illust.php?mode=medium&illust_id=46920094"
"-7th-To Make The End Of Battle","11/5/2014 00:00","http://www.pixiv.net/member_illust.php?mode=medium&illust_id=46920134"
"TEW","11/5/2014 01:12","http://www.pixiv.net/member_illust.php?mode=medium&illust_id=46921782"
"赤い旗","11/5/2014 00:00","http://www.pixiv.net/member_illust.php?mode=medium&illust_id=46920139"
"チャイナ服のμ's大集合！","11/5/2014 01:00","http://www.pixiv.net/member_illust.php?mode=medium&illust_id=46921548"
".... 私、魔女にはなりたく無い。","11/6/2014 00:01","http://www.pixiv.net/member_illust.php?mode=medium&illust_id=46934388"
"新作情報「絶命処女」","11/5/2014 12:39","http://www.pixiv.net/member_illust.php?mode=medium&illust_id=46925550"
"デジポケlog","11/5/2014 23:21","http://www.pixiv.net/member_illust.php?mode=medium&illust_id=46933302"
"躯ちゃん13","11/5/2014 20:43","http://www.pixiv.net/member_illust.php?mode=medium&illust_id=46930016"
"多分10回目アナ雪詰め","11/6/2014 06:19","http://www.pixiv.net/member_illust.php?mode=medium&illust_id=46938080"
"日刊遺書","11/5/2014 23:12","http://www.pixiv.net/member_illust.php?mode=medium&illust_id=46933087"
"ミギー","11/5/2014 08:08","http://www.pixiv.net/member_illust.php?mode=medium&illust_id=46924400"
"【C87】受かりました！！【新刊表紙】","11/5/2014 00:50","http://www.pixiv.net/member_illust.php?mode=medium&illust_id=46921386"
"東條希","11/5/2014 18:11","http://www.pixiv.net/member_illust.php?mode=medium&illust_id=46928063"
"MEIKO 10th","11/5/2014 18:35","http://www.pixiv.net/member_illust.php?mode=medium&illust_id=46928334"
"ウェイクロ落書き詰め","11/5/2014 00:47","http://www.pixiv.net/member_illust.php?mode=medium&illust_id=46921308"
"おじさんとマシュマロ　【ゆめマシュ】（１／８）","11/6/2014 18:57","http://www.pixiv.net/member_illust.php?mode=medium&illust_id=46942833"
"デジタル","11/5/2014 03:17","http://www.pixiv.net/member_illust.php?mode=medium&illust_id=46923223"
"躯ちゃん14","11/5/2014 20:49","http://www.pixiv.net/member_illust.php?mode=medium&illust_id=46930132"
"納めましょう","11/6/2014 13:36","http://www.pixiv.net/member_illust.php?mode=medium&illust_id=46940014"
"躯ちゃん15","11/6/2014 03:53","http://www.pixiv.net/member_illust.php?mode=medium&illust_id=46937537"
"★","11/5/2014 03:40","http://www.pixiv.net/member_illust.php?mode=medium&illust_id=46923382"
"【佐世鎮百景11】","11/5/2014 00:08","http://www.pixiv.net/member_illust.php?mode=medium&illust_id=46920400"
"♡　Ballet　♡","11/6/2014 11:47","http://www.pixiv.net/member_illust.php?mode=medium&illust_id=46939419"
"めーちゃん10周年おめでとうございます！","11/5/2014 18:25","http://www.pixiv.net/member_illust.php?mode=medium&illust_id=46928220"
"らくがきまとめ","11/5/2014 19:20","http://www.pixiv.net/member_illust.php?mode=medium&illust_id=46928861"
"Connected","11/5/2014 04:12","http://www.pixiv.net/member_illust.php?mode=medium&illust_id=46923548"
"榛名","11/5/2014 06:37","http://www.pixiv.net/member_illust.php?mode=medium&illust_id=46924042"
"ヒロインちゃん２人","11/6/2014 22:12","http://www.pixiv.net/member_illust.php?mode=medium&illust_id=46946054"
"Got free !!!!","11/5/2014 00:49","http://www.pixiv.net/member_illust.php?mode=medium&illust_id=46921374"
"にことりちゃん","11/6/2014 01:48","http://www.pixiv.net/member_illust.php?mode=medium&illust_id=46936457"
"五月雨","11/6/2014 02:32","http://www.pixiv.net/member_illust.php?mode=medium&illust_id=46936971"
"バリエーション","11/6/2014 16:34","http://www.pixiv.net/member_illust.php?mode=medium&illust_id=46941287"
"あんたらなんてマグロになってりゃいいのよ","11/6/2014 19:30","http://www.pixiv.net/member_illust.php?mode=medium&illust_id=46943256"
"大切な日","11/5/2014 00:09","http://www.pixiv.net/member_illust.php?mode=medium&illust_id=46920420"
"セブンスドラゴン2020-Ⅱキャスト＆スタッフさん宛の色紙まとめ","11/6/2014 00:23","http://www.pixiv.net/member_illust.php?mode=medium&illust_id=46934970"
"ヒロインちゃん２人","11/6/2014 22:12","http://www.pixiv.net/member_illust.php?mode=medium&illust_id=46946054"
"にこ&真姫","11/7/2014 01:08","http://www.pixiv.net/member_illust.php?mode=medium&illust_id=46950334"
".... 私、魔女にはなりたく無い。","11/6/2014 00:01","http://www.pixiv.net/member_illust.php?mode=medium&illust_id=46934388"
"納めましょう","11/6/2014 13:36","http://www.pixiv.net/member_illust.php?mode=medium&illust_id=46940014"
"五月雨","11/6/2014 02:32","http://www.pixiv.net/member_illust.php?mode=medium&illust_id=46936971"
"ハチミツください","11/6/2014 23:51","http://www.pixiv.net/member_illust.php?mode=medium&illust_id=46948436"
"ここにいるよ","11/6/2014 21:15","http://www.pixiv.net/member_illust.php?mode=medium&illust_id=46944944"
"にことりちゃん","11/6/2014 01:48","http://www.pixiv.net/member_illust.php?mode=medium&illust_id=46936457"
"Beloved","11/6/2014 09:48","http://www.pixiv.net/member_illust.php?mode=medium&illust_id=46938857"
"多分10回目アナ雪詰め","11/6/2014 06:19","http://www.pixiv.net/member_illust.php?mode=medium&illust_id=46938080"
"フラミンゴ・ピンク","11/6/2014 19:53","http://www.pixiv.net/member_illust.php?mode=medium&illust_id=46943576"
"がすますこさん　~ winter edition ~","11/6/2014 21:49","http://www.pixiv.net/member_illust.php?mode=medium&illust_id=46945608"
"♡　Ballet　♡","11/6/2014 11:47","http://www.pixiv.net/member_illust.php?mode=medium&illust_id=46939419"
"pixivチア祭","11/7/2014 18:02","http://www.pixiv.net/member_illust.php?mode=medium&illust_id=46956855"
"バリエーション","11/6/2014 16:34","http://www.pixiv.net/member_illust.php?mode=medium&illust_id=46941287"
"My Lord King Arthur","11/6/2014 12:19","http://www.pixiv.net/member_illust.php?mode=medium&illust_id=46939591"
"ラブライブ！ログ","11/6/2014 01:35","http://www.pixiv.net/member_illust.php?mode=medium&illust_id=46936293"
"躯ちゃん15","11/6/2014 03:53","http://www.pixiv.net/member_illust.php?mode=medium&illust_id=46937537"
"もぎゅっと","11/6/2014 01:51","http://www.pixiv.net/member_illust.php?mode=medium&illust_id=46936506"
"あざとかわいいスミレちゃん","11/7/2014 06:41","http://www.pixiv.net/member_illust.php?mode=medium&illust_id=46952807"
"おじさんとマシュマロ　【ゆめマシュ】（１／８）","11/6/2014 18:57","http://www.pixiv.net/member_illust.php?mode=medium&illust_id=46942833"
"あんたらなんてマグロになってりゃいいのよ","11/6/2014 19:30","http://www.pixiv.net/member_illust.php?mode=medium&illust_id=46943256"
"本の海","11/7/2014 00:05","http://www.pixiv.net/member_illust.php?mode=medium&illust_id=46948912"
"兆しの森","11/7/2014 00:25","http://www.pixiv.net/member_illust.php?mode=medium&illust_id=46949451"
"♡","11/6/2014 19:09","http://www.pixiv.net/member_illust.php?mode=medium&illust_id=46942967"
"軍服ワンピースちゃん","11/7/2014 16:20","http://www.pixiv.net/member_illust.php?mode=medium&illust_id=46955878"
"01","11/6/2014 20:14","http://www.pixiv.net/member_illust.php?mode=medium&illust_id=46943871"
"水中の人魚","11/6/2014 21:36","http://www.pixiv.net/member_illust.php?mode=medium&illust_id=46945335"
"UBW","11/6/2014 00:04","http://www.pixiv.net/member_illust.php?mode=medium&illust_id=46934455"
"ゆめマシュ２／８","11/7/2014 20:10","http://www.pixiv.net/member_illust.php?mode=medium&illust_id=46958435"