"url","tags"
"http://www.pixiv.net/member_illust.php?mode=medium&illust_id=46660811","らくがき,ラブライブ!,絢瀬絵里,ハラショー,KKE,なにこれかわいい,ラブライブ!10000users入り,らくがきってこんなだっけ,メイキング希望"
"http://www.pixiv.net/member_illust.php?mode=medium&illust_id=46649352","ゼルダの伝説,リンク,スニーキングしそうなおっさん,老兵は死せず,勝てる気がしない,老いて尚盛んな勇者,負ける気がしない,伝説の老兵,ゼルダの伝説5000users入り"
"http://www.pixiv.net/member_illust.php?mode=medium&illust_id=46650737","オリジナル,キビタキ,セーラー服,ふつくしい,黒髪ロング,うなじ,オリジナル3000users入り"
"http://www.pixiv.net/member_illust.php?mode=medium&illust_id=46644504","ラブライブ!,東條希,でかい,なにこれかわいい,ラブライブ!1000users入り,オフショルダー"
"http://www.pixiv.net/member_illust.php?mode=medium&illust_id=46648401","女の子,花の髪飾り,オリジナル1000users入り,チョウ,ふつくしい"
"http://www.pixiv.net/member_illust.php?mode=medium&illust_id=46658176","絢瀬絵里,ラブライブ!,ウェディング,ラブライブ!1000users入り,ふつくしい"
"http://www.pixiv.net/member_illust.php?mode=medium&illust_id=46656695","絢瀬絵里,絢瀬亜里沙,ラブライブ!,ラブライブ!1000users入り,ふつくしい,えりあり"
"http://www.pixiv.net/member_illust.php?mode=medium&illust_id=46647357","ndtemp,目イキング,資料,その発想はなかった,なにこれ綺麗,発想の勝利"
"http://www.pixiv.net/member_illust.php?mode=medium&illust_id=46644901","アイカツ!,紫吹蘭,アイカツ1000users入り,くんかくんか,おへそ"
"http://www.pixiv.net/member_illust.php?mode=medium&illust_id=46645271","東方,咲夜,十六夜咲夜,東方Project1000users入り,かっこいい咲夜さん,凛々しい"
"http://www.pixiv.net/member_illust.php?mode=medium&illust_id=46650419","おじマシュ,ボツマシュ,ペロペロﾚﾛﾚﾛﾚﾛ,エロ林,マシュマロプレイ,マシュマロパーティー,うまいっすうまいっすぅぅ,謎のエロス,KENZEN,前代未聞の欲情"
"http://www.pixiv.net/member_illust.php?mode=medium&illust_id=46643322","VOCALOID,初音ミク,VOCALOID1000users入り"
"http://www.pixiv.net/member_illust.php?mode=medium&illust_id=46665529","夜桜四重奏,九条院入鹿,白スク,トライアングル,スク水"
"http://www.pixiv.net/member_illust.php?mode=medium&illust_id=46664940","おじマシュ,おまわりさんこっちです,個性豊かなモブ,ロリコンなモブ,ボツマシュ,パンチラ,マシュマロ雲にポッ,なんだただのロリコンか,おまえら"
"http://www.pixiv.net/member_illust.php?mode=medium&illust_id=46649386","創作,かぼちゃ,車,ランタン"
"http://www.pixiv.net/member_illust.php?mode=medium&illust_id=46653269","ブイズ,ポケモン,ハロウィン,グレイシア「解せぬ」,フェアリーとは一体,これはかわいい,ハロウィンの意味がないリーフィア,ブラッキー｢解せぬ｣,ぶいっか,バケッチャ「・・・」"
"http://www.pixiv.net/member_illust.php?mode=medium&illust_id=46656745","オリジナル,青,幻想的,素敵,青の衝撃,なにこれ綺麗,オリジナル3000users入り"
"http://www.pixiv.net/member_illust.php?mode=medium&illust_id=46658855","艦隊これくしょん,明石,あかよど,大淀,なにこれあったかい,明石の出番ですね!,大淀さんは誘導が上手,艦これ1000users入り,働き者のきれいな手じゃ,さぁ、式の準備を始めよう"
"http://www.pixiv.net/member_illust.php?mode=medium&illust_id=46641637","オリジナル,メカ少女,先生!次はバトルの時間です。,Nidy-2D-,和メカ,尻神様,女体美,日本刀,星空ドレス"
"http://www.pixiv.net/member_illust.php?mode=medium&illust_id=46657011","ラブライブ!,絢瀬絵里,KKE,おへそ,ラブライブ!1000users入り,スクフェスイベント報酬"
"http://www.pixiv.net/member_illust.php?mode=medium&illust_id=46658469","よろず,東方,艦これ,魔法少女まどか☆マギカ,しのぶ,巴マミ,サモンナイト2,金剛,1000users入り,暁美ほむら"
"http://www.pixiv.net/member_illust.php?mode=medium&illust_id=46656642","ラブライブ!,絢瀬絵里,ウェディングドレス,誕生日,ウェディング,ふつくしい,ラブライブ!1000users入り"
"http://www.pixiv.net/member_illust.php?mode=medium&illust_id=46643265","ラブライブ!,西木野真姫,高嶺のフラワー,ラブライブ!1000users入り"
"http://www.pixiv.net/member_illust.php?mode=medium&illust_id=46660675","Free!,松岡江,ホイッスル,Free!1000users入り,solo"
"http://www.pixiv.net/member_illust.php?mode=medium&illust_id=46664141","オリジナル,女の子,ニーハイ,女子高生,絶対領域,金髪碧眼"
"http://www.pixiv.net/member_illust.php?mode=medium&illust_id=46658939","漫画,ラブライブ!,絢瀬絵里,百合,誕生日,東條希,KKE,ラブライブ!1000users入り,即物ュアル,のぞえり"
"http://www.pixiv.net/member_illust.php?mode=medium&illust_id=46668239","ペルソナ4,天城雪子,コノハナサクヤ,ふつくしい,ペルソナ1000users入り,黒タイツ"
"http://www.pixiv.net/member_illust.php?mode=medium&illust_id=46651549","うごイラ,パチュリー,小悪魔,咲夜,東方,不夜城ナイトメアパーク,甘城ブリリアントパーク,胸囲の格差社会,東方うごイラ,東方Project3000users入り"
"http://www.pixiv.net/member_illust.php?mode=medium&illust_id=46662322","創作"
"http://www.pixiv.net/member_illust.php?mode=medium&illust_id=46667331","遠坂凛,Fate/staynight,Fate,撫で回したい太もも,舐め回したい太もも,むちむち,Fate1000users入り,尻神様,solo"
"http://www.pixiv.net/member_illust.php?mode=medium&illust_id=46661373","のぞえり,ラブライブ!,絢瀬絵里,東條希,ラブライブ!1000users入り,このあと滅茶苦茶言いふらされた,百合,このあと滅茶苦茶追いかけた,ここに式場を建てよう,漫画"
"http://www.pixiv.net/member_illust.php?mode=medium&illust_id=46641882","HUNTER×HUNTER,クロロ,HUNTER×HUNTER1000users入り"
"http://www.pixiv.net/member_illust.php?mode=medium&illust_id=46651825","東洋竜さんと西洋竜さん,落書き,すぽーん!,対処法(物理),シリアス…………?,衝撃のラスト,西洋竜ちゃん、ナイス!,オリジナル,シリアル"
"http://www.pixiv.net/member_illust.php?mode=medium&illust_id=46646540","東方Project,東方星蓮船,多々良小傘,封獣ぬえ,10点じゃ足りない,聖白蓮,東方Project1000users入り"
"http://www.pixiv.net/member_illust.php?mode=medium&illust_id=46657009","オリジナル,落書き,そしてこのプロフ絵である,ちょっと落書きの意味調べてくる,ちょ、プロフ画怖い…"
"http://www.pixiv.net/member_illust.php?mode=medium&illust_id=46641734","オリジナル,水中,紫と白,オリジナル1000users入り"
"http://www.pixiv.net/member_illust.php?mode=medium&illust_id=46651202","ラブライブ!,園田海未,ハロウィン,ラブライブ!1000users入り"
"http://www.pixiv.net/member_illust.php?mode=medium&illust_id=46657487","ラブライブ!,絢瀬絵里,ラブライブ!1000users入り,嫁分身"
"http://www.pixiv.net/member_illust.php?mode=medium&illust_id=46656748","ラブライブ!,絢瀬絵里,ウェディング,KKE,ラブライブ!1000users入り,エリーチカ,ウェディングドレス,(結婚しよ...),あらかわいい,なにこれきれい"
"http://www.pixiv.net/member_illust.php?mode=medium&illust_id=46657912","ラブライブ!,東條希,のぞえり,絢瀬絵里,えりのぞ,百合,誕生日,ラブライブ!500users入り"
"http://www.pixiv.net/member_illust.php?mode=medium&illust_id=46657346","ラブライブ!,絢瀬絵里,ラブライブ!1000users入り,KKE"
"http://www.pixiv.net/member_illust.php?mode=medium&illust_id=46671252","ポケモン,ヒカリ(トレーナー),ジバニャン,ヒカリ,クロスオーバー,妖怪ウォッチ,ポケモン5000users入り,妖怪ウォッチ5000users入り,猫と女の子"
"http://www.pixiv.net/member_illust.php?mode=medium&illust_id=46681059","ラブライブ,絢瀬絵里,ラブライブ!,おへそ,ハラショー,なにこれかわいい,KKE,ラブライブ!5000users入り"
"http://www.pixiv.net/member_illust.php?mode=medium&illust_id=46672980","版権,セーラームーン,境界の彼方,The_Last_of_Us,キルラキル,ポケモン,ヒックとドラゴン,弱虫ペダル,5000users入り"
"http://www.pixiv.net/member_illust.php?mode=medium&illust_id=46675252","ご注文はうさぎですか?,チノ,ココア,バニーガール,ココチノ,ごちうさ1000users入り,香風智乃,保登心愛,はい"
"http://www.pixiv.net/member_illust.php?mode=medium&illust_id=46681568","弓凛,fate,遠坂凛,Archer,なにこれかっこいい,Fate/staynight,Fate,ふつくしい,Fate1000users入り,黒タイツ"
"http://www.pixiv.net/member_illust.php?mode=medium&illust_id=46692022","オリジナル,Niya,女の子,秋,かばん,ネクタイ,オリジナル5000users入り,咥えキャンディー,絶対領域,オッドアイ"
"http://www.pixiv.net/member_illust.php?mode=medium&illust_id=46673128","版権,艦これ,比叡,隼鷹,愛宕14歳,巻雲,ファナモ,超うんこちんちん,カシミアグリーン,ホモとおっぱい"
"http://www.pixiv.net/member_illust.php?mode=medium&illust_id=46672734","祀られる風の人間,東方,東風谷早苗,東方風神録,白ストッキング,現代神の貫禄,ふつくしい,クリック推奨,東方Project1000users入り"
"http://www.pixiv.net/member_illust.php?mode=medium&illust_id=46676130","艦隊これくしょん,那珂,那珂ちゃんのファンになります,優しい世界,終戦記念日,泣ける艦これ,川内,北方棲姫/港湾棲姫/レ級,ファンの鑑,艦これ1000users入り"
"http://www.pixiv.net/member_illust.php?mode=medium&illust_id=46675672","創作,風景,引力の境界,だまし絵,なるほどわからん,なにこれすごい,オリジナル1000users入り,風景1000users入り"
"http://www.pixiv.net/member_illust.php?mode=medium&illust_id=46672021","オリジナル,男の娘,躯ちゃん,オリジナル1000users入り"
"http://www.pixiv.net/member_illust.php?mode=medium&illust_id=46674301","SAO,キリト,ソードアート・オンライン,桐ヶ谷和人,猫になりたい,アスナホイホイ,ちょっ、猫さんそこ変わって!,実は私、その抱かれてる猫なんだ,らくがきって何だっけ,SAO1000users入り"
"http://www.pixiv.net/member_illust.php?mode=medium&illust_id=46678365","ラブライブ!,小泉花陽,なにこれかわいい,ラブライブ!1000users入り"
"http://www.pixiv.net/member_illust.php?mode=medium&illust_id=46678287","カゲロウプロジェクト,圧倒的カノ率,カノ,カゲプロ1000users入り,女体化"
"http://www.pixiv.net/member_illust.php?mode=medium&illust_id=46674466","絢瀬絵里,ラブライブ!,ふつくしい,ラブライブ!1000users入り,エリーチカ"
"http://www.pixiv.net/member_illust.php?mode=medium&illust_id=46678359","魔法少女まどか☆マギカ,もう何も恐く内閣,ティロ・フィナーレ,巴マミ,マミは中学3年生,訓練されたコメント欄,わけがわからないよ,落選フラグ,まどか☆マギカ1000users入り,だじゃれ"
"http://www.pixiv.net/member_illust.php?mode=medium&illust_id=46680370","おじマシュ,ボツマシュ,ジョロロロロ,止まらないｼﾞｮﾛﾛﾛﾛ,ネット関係の会社,課長のトイレの長さ,なにこれこわい,舐めたり吸ったりする関係,平常運転,無限ループってこわいよね"
"http://www.pixiv.net/member_illust.php?mode=medium&illust_id=46689678","創作,でも行きたい,おばけ屋敷,オリジナル1000users入り,ジャック・オ・ランタン"
"http://www.pixiv.net/member_illust.php?mode=medium&illust_id=46693497","ヒカルの碁,藤原佐為,進藤ヒカル,ヒカルの碁5000users入り"
"http://www.pixiv.net/member_illust.php?mode=medium&illust_id=46671633","女の子,虎,オリジナル,トラ,オリジナル1000users入り"
"http://www.pixiv.net/member_illust.php?mode=medium&illust_id=46686573","ラブライブ!,のぞえり,にこまき,のぞにこ,りんぱな,うみまき,252,ラブライブ!1000users入り,えりうみ"
"http://www.pixiv.net/member_illust.php?mode=medium&illust_id=46677133","ラブライブ!,SC65,なにこれかわいい,ラブライブ!1000users入り,lily_white"
"http://www.pixiv.net/member_illust.php?mode=medium&illust_id=46686739","ポケモン,ヒカリ(トレーナー),妖怪ウォッチ,ジバニャン,ウィスパー,ヒカリ,太もも,妖怪ウォッチ1000users入り,ポケモン1000users入り"
"http://www.pixiv.net/member_illust.php?mode=medium&illust_id=46676867","東方Project,レミフラ,パチュリー,フランドール,レミリア,咲夜,小悪魔,美鈴,紅魔館メンバー,東方Project1000users入り"
"http://www.pixiv.net/member_illust.php?mode=medium&illust_id=46682532","ラブライブ!,絢瀬絵里,東條希,KKE,ラブライブ!1000users入り,眼鏡"
"http://www.pixiv.net/member_illust.php?mode=medium&illust_id=46694212","おじマシュ,社長,大事なことなので3時間繰り返しました,オルグ,洗脳,謎の光,無限ループって怖くね?,めげない,なる!,しまわない"
"http://www.pixiv.net/member_illust.php?mode=medium&illust_id=46685193","艦隊これくしょん,うざっと提督,喰われる,わっふるわっふる,続きを全裸待機,メスライオン,命令通りに脱ぐコメント欄,遊ばれているのに文句を言わないうざっと提督,しゃべるうさぎ,肉食獣来訪"
"http://www.pixiv.net/member_illust.php?mode=medium&illust_id=46679360","俺、ツインテールになります。,テイルレッド,幼女,観束総二,俺ツイ1000users入り,トゥアールホイホイ,アルティメギルホイホイ,変身前後,ついんてーる"
"http://www.pixiv.net/member_illust.php?mode=medium&illust_id=46671908","オリジナル,オリジナル1000users入り,海神"
"http://www.pixiv.net/member_illust.php?mode=medium&illust_id=46678948","講談社ラノベ文庫,湯けむり温泉郷まほろばの非日常～おんせん部活動日和～,水樹尋,セーラー服,おへそ,かわいい,黒髪ロング"
"http://www.pixiv.net/member_illust.php?mode=medium&illust_id=46690963","東京喰種,金木研,白カネキ,霧嶋董香,西尾錦,芳村,四方蓮示,入見カヤ,古間円児,笛口雛実"
"http://www.pixiv.net/member_illust.php?mode=medium&illust_id=46677988","繰繰れ!コックリさん,市松こひな,コックリさん,狗神,信楽,みだらなたぬき,ググコク1000users入り,野生の公式,かぷめん"
"http://www.pixiv.net/member_illust.php?mode=medium&illust_id=46676458","オリジナル,創作,オリジナル1000users入り"
"http://www.pixiv.net/member_illust.php?mode=medium&illust_id=46671294","絶対領域,落書き,オーバーニーソ,撫で回したいふともも,スカートめくっていいですか?いいですよね?"
"http://www.pixiv.net/member_illust.php?mode=medium&illust_id=46694616","ポケモンBW,ポケモンBW2,トウヤ(トレーナー),キョウメイ,トウトウ,なにこれかわいい,ポケモン1000users入り,ORAS,ポケモン"
"http://www.pixiv.net/member_illust.php?mode=medium&illust_id=46694417","艦隊これくしょん,艦これ,翔鶴/瑞鶴/加賀/鳳翔/武蔵/金剛/比叡/大和,龍飛,鶴姉妹,天使か,龍飛(鳳翔),珍獣府,艦これ1000users入り,ロアナプラ泊地"
"http://www.pixiv.net/member_illust.php?mode=medium&illust_id=46685778","女の子,落書き,SAO,朝田詩乃,ALO,尻神様,シノン,シノン(SAO),SAO1000users入り"
"http://www.pixiv.net/member_illust.php?mode=medium&illust_id=46671694","VOCALOID,IA,なにこれ素敵,メイキング希望,VOCALOID1000users入り,ふつくしい"
"http://www.pixiv.net/member_illust.php?mode=medium&illust_id=46671220","西木野真姫,矢澤にこ,東條希,ラブライブ!,サンクリ65,SC65,のぞにこまき,252,にこのぞまき,ラブライブ!1000users入り"
"http://www.pixiv.net/member_illust.php?mode=medium&illust_id=46688388","ガンダムビルドファイターズトライ,サザキ・カオルコ,ギャン子,爆乳,裸エプロン,おっぱい,JC,ガンダムビルドファイターズ1000users入り,※中学生です,押しかけ女房"
"http://www.pixiv.net/member_illust.php?mode=medium&illust_id=46672349","ラブライブ!,絢瀬絵里,ハラショー,絢瀬絵里生誕祭,極上の乳,ラブライブ!500users入り"
"http://www.pixiv.net/member_illust.php?mode=medium&illust_id=46680150","ラブライブ!,高坂穂乃果,園田海未,南ことり,天使しかいない,ラブライブ!1000users入り"
"http://www.pixiv.net/member_illust.php?mode=medium&illust_id=46685777","漫画,艦これ,まるゆ,4コマ,まるゆさん,梯形陣(気楽に行こうぜ!),木曾まる,刃牙,艦これ1000users入り,龍飛(鳳翔)"
"http://www.pixiv.net/member_illust.php?mode=medium&illust_id=46672158","東方,古明地さとり,落書き,東方Project500users入り"
"http://www.pixiv.net/member_illust.php?mode=medium&illust_id=46694747","ポケモン,クチート,ガブリアス,なにこれかわいい,ポケモン×ポケモン,ツンデレ,バシャーモ男前!!,ポケモン1000users入り,続編希望,バシャーモがテライケメン"
"http://www.pixiv.net/member_illust.php?mode=medium&illust_id=46686009","矢澤にこ,ラブライブ!,ハロウィン,イタズラしてください,ラブライブ!1000users入り,なにこれかわいい,252,μ'sの小悪魔"
"http://www.pixiv.net/member_illust.php?mode=medium&illust_id=46673764","神撃のバハムートGENESIS,アーミラ,神撃のバハムート1000users入り"
"http://www.pixiv.net/member_illust.php?mode=medium&illust_id=46673031","VOCALOID,初音ミク,VOCALOID500users入り,荒ぶるツインテール"
"http://www.pixiv.net/member_illust.php?mode=medium&illust_id=46682335","うごイラ,艦隊これくしょん/艦これ,艦これかわいい,天龍/龍田/暁/響/雷/電,フリーダム響,艦これ名物天龍幼稚園,今日も鎮守府は平和です,連装砲ちゃん雪だるま,艦これ1000users入り,うごイラ1000users入り"
"http://www.pixiv.net/member_illust.php?mode=medium&illust_id=46692022","オリジナル,Niya,女の子,秋,かばん,ネクタイ,オリジナル5000users入り,咥えキャンディー,絶対領域,オッドアイ"
"http://www.pixiv.net/member_illust.php?mode=medium&illust_id=46690963","東京喰種,金木研,白カネキ,霧嶋董香,西尾錦,芳村,四方蓮示,入見カヤ,古間円児,笛口雛実"
"http://www.pixiv.net/member_illust.php?mode=medium&illust_id=46700304","オリジナル,女の子,チョビ,pixiv祭,提灯,山鉾,オリジナル5000users入り,おえかきタノシス神,色彩の魔術師,ハイセンス"
"http://www.pixiv.net/member_illust.php?mode=medium&illust_id=46686739","ポケモン,ヒカリ(トレーナー),妖怪ウォッチ,ジバニャン,ウィスパー,ヒカリ,太もも,妖怪ウォッチ1000users入り,ポケモン1000users入り"
"http://www.pixiv.net/member_illust.php?mode=medium&illust_id=46693497","ヒカルの碁,藤原佐為,進藤ヒカル,ヒカルの碁5000users入り"
"http://www.pixiv.net/member_illust.php?mode=medium&illust_id=46686573","ラブライブ!,のぞえり,にこまき,のぞにこ,りんぱな,うみまき,252,ラブライブ!1000users入り,えりうみ"
"http://www.pixiv.net/member_illust.php?mode=medium&illust_id=46700761","ポケモン,ヒカリ,ジバニャン,なにこれかわいい,なにこれプリチー,ウィスパー,妖怪ウォッチ,ヒカリ(トレーナー),ポケモン5000users入り,妖怪ウォッチ5000users入り"
"http://www.pixiv.net/member_illust.php?mode=medium&illust_id=46689678","創作,でも行きたい,おばけ屋敷,オリジナル1000users入り,ジャック・オ・ランタン"
"http://www.pixiv.net/member_illust.php?mode=medium&illust_id=46694616","ポケモンBW,ポケモンBW2,トウヤ(トレーナー),キョウメイ,トウトウ,なにこれかわいい,ポケモン1000users入り,ORAS,ポケモン"
"http://www.pixiv.net/member_illust.php?mode=medium&illust_id=46694747","ポケモン,クチート,ガブリアス,なにこれかわいい,ポケモン×ポケモン,ツンデレ,バシャーモ男前!!,ポケモン1000users入り,続編希望,バシャーモがテライケメン"
"http://www.pixiv.net/member_illust.php?mode=medium&illust_id=46694417","艦隊これくしょん,艦これ,翔鶴/瑞鶴/加賀/鳳翔/武蔵/金剛/比叡/大和,龍飛,鶴姉妹,天使か,龍飛(鳳翔),珍獣府,艦これ1000users入り,ロアナプラ泊地"
"http://www.pixiv.net/member_illust.php?mode=medium&illust_id=46699662","オリジナル,青,水族館,ふつくしい,幻想的,青の衝撃,オリジナル3000users入り"
"http://www.pixiv.net/member_illust.php?mode=medium&illust_id=46685778","女の子,落書き,SAO,朝田詩乃,ALO,尻神様,シノン,シノン(SAO),SAO1000users入り"
"http://www.pixiv.net/member_illust.php?mode=medium&illust_id=46685986","♮EL,♭Mirela"
"http://www.pixiv.net/member_illust.php?mode=medium&illust_id=46708469","アイカツ!,星宮いちご,なにこれかわいい,アイカツ1000users入り"
"http://www.pixiv.net/member_illust.php?mode=medium&illust_id=46694212","おじマシュ,社長,大事なことなので3時間繰り返しました,オルグ,洗脳,謎の光,無限ループって怖くね?,めげない,なる!,しまわない"
"http://www.pixiv.net/member_illust.php?mode=medium&illust_id=46707338","おじマシュ,そして安定の頬骨,トイレ籠,そそり立つ謎の光,謎のキラめき,ANSHIN,実はあの二人に憧れる課長,四ツ星極制服,ネオアームストロングサイクロンジェットアームストロング砲"
"http://www.pixiv.net/member_illust.php?mode=medium&illust_id=46687176","VOCALOID,miku,クリック推奨,初音ミク,なにこれ素敵,VOCALOID1000users入り"
"http://www.pixiv.net/member_illust.php?mode=medium&illust_id=46695713","VOCALOID,初音ミク,ハロウィン,VOCALOID1000users入り,これはいい初音"
"http://www.pixiv.net/member_illust.php?mode=medium&illust_id=46686009","矢澤にこ,ラブライブ!,ハロウィン,イタズラしてください,ラブライブ!1000users入り,なにこれかわいい,252,μ'sの小悪魔"
"http://www.pixiv.net/member_illust.php?mode=medium&illust_id=46700762","カードキャプターさくら,百合,さくとも,ふつくしい"
"http://www.pixiv.net/member_illust.php?mode=medium&illust_id=46686878","魔法少女まどか☆マギカ,佐倉杏子,巴マミ,鹿目まどか,暁美ほむら,美樹さやか,ぽんぽこマミさん,まどか☆マギカ1000users入り,なにこれかわいい"
"http://www.pixiv.net/member_illust.php?mode=medium&illust_id=46700020","オリジナル,女の子,ふつくしい,幻想的,オリジナル1000users入り,明かり"
"http://www.pixiv.net/member_illust.php?mode=medium&illust_id=46685903","絶対絶望少女,新月渚,空木言子,モノクマ,絶対絶望少女1000users入り"
"http://www.pixiv.net/member_illust.php?mode=medium&illust_id=46686796","オリジナル"
"http://www.pixiv.net/member_illust.php?mode=medium&illust_id=46693395","東方,東方Project1000users入り,心象幻想郷"
"http://www.pixiv.net/member_illust.php?mode=medium&illust_id=46699568","ヴァルハライラコン神,ふつくしい,ギリシャ神話,金髪碧眼,オリジナル3000users入り"
"http://www.pixiv.net/member_illust.php?mode=medium&illust_id=46689933","遠坂凛,Fate/staynight,はいてない,なにこれかわいい,Fate,谷間,カメラさんもうちょっと下,下着,Fate1000users入り,下脱ぎ"
"http://www.pixiv.net/member_illust.php?mode=medium&illust_id=46699624","Fate/staynight,遠坂凛,アーチャー,Fate,弓凛,バトラー,Fate5000users入り"
"http://www.pixiv.net/member_illust.php?mode=medium&illust_id=46704805","オリジナル,男の娘,躯ちゃん,オリジナル1000users入り"
"http://www.pixiv.net/member_illust.php?mode=medium&illust_id=46691128","艦これ,北上,浴衣,私服艦娘,大井ホイホイ,艦これ500users入り"
"http://www.pixiv.net/member_illust.php?mode=medium&illust_id=46693162","初音ミク,VOCALOID,なにこれかわいい,鏡音リン,VOCALOID1000users入り,クリプトン6兄弟"
"http://www.pixiv.net/member_illust.php?mode=medium&illust_id=46706577","絢瀬絵里,ラブライブ!,ふつくしい,ラブライブ!1000users入り"
"http://www.pixiv.net/member_illust.php?mode=medium&illust_id=46694817","七つの大罪,ディアンヌ,ディアンヌちゃんマジ天使,七つの大罪1000users入り"
"http://www.pixiv.net/member_illust.php?mode=medium&illust_id=46704527","魔法少女まどか☆マギカ,巴マミ,メイキング希望!,まみこれふつくしい,覗いたらティロフィナーレ,まどか☆マギカ1000users入り,ふつくしい"
"http://www.pixiv.net/member_illust.php?mode=medium&illust_id=46709144","漫画,ポケモン,萌え禿げた,ぐうかわ,ニンサザ,なにこの仔たちかわいい,もうメロメロだから平気だもんっ,イーブイちゃんの破壊力,クチート先輩,ニンブイ"
"http://www.pixiv.net/member_illust.php?mode=medium&illust_id=46690262","遠坂凛,たてセタ,版権,Fate,裸足,Fate/staynight,リブ生地,撫で回したい太もも,(スカートを)はいてない,Fate1000users入り"
"http://www.pixiv.net/member_illust.php?mode=medium&illust_id=46695980","ラブライブ!,ラブライブ!500users入り,252"
"http://www.pixiv.net/member_illust.php?mode=medium&illust_id=46703361","エドウィン,なにこれかわいい,鋼の錬金術師5000users入り,いいぞもっとやれ"
"http://www.pixiv.net/member_illust.php?mode=medium&illust_id=46699584","ラブライブ!,南ことり,ラブライブ!1000users入り"
"http://www.pixiv.net/member_illust.php?mode=medium&illust_id=46694456","オリジナル,グレー系,なにこれかっこいい,オリジナル3000users入り,メイキング希望"
"http://www.pixiv.net/member_illust.php?mode=medium&illust_id=46695163","VOCALOID,初音ミク,VOCALOID1000users入り"
"http://www.pixiv.net/member_illust.php?mode=medium&illust_id=46708760","神撃のバハムート,オリジナル"
"http://www.pixiv.net/member_illust.php?mode=medium&illust_id=46706919","初音ミク,VOCALOID,キャンバス,ヘッドセット,ネクタイ,ツインテール,VOCALOID5000users入り"
"http://www.pixiv.net/member_illust.php?mode=medium&illust_id=46700304","オリジナル,女の子,チョビ,pixiv祭,提灯,山鉾,オリジナル5000users入り,おえかきタノシス神,色彩の魔術師,ハイセンス"
"http://www.pixiv.net/member_illust.php?mode=medium&illust_id=46700761","ポケモン,ヒカリ,ジバニャン,なにこれかわいい,なにこれプリチー,ウィスパー,妖怪ウォッチ,ヒカリ(トレーナー),ポケモン5000users入り,妖怪ウォッチ5000users入り"
"http://www.pixiv.net/member_illust.php?mode=medium&illust_id=46718715","花,オリジナル,少女,キャミソール,オリジナル10000users入り"
"http://www.pixiv.net/member_illust.php?mode=medium&illust_id=46699624","Fate/staynight,遠坂凛,アーチャー,Fate,弓凛,バトラー,Fate5000users入り"
"http://www.pixiv.net/member_illust.php?mode=medium&illust_id=46708469","アイカツ!,星宮いちご,なにこれかわいい,アイカツ1000users入り"
"http://www.pixiv.net/member_illust.php?mode=medium&illust_id=46704741","創作,台所,鬱くしい,まな板の上の鯉,かぼちゃ,ハロウィン"
"http://www.pixiv.net/member_illust.php?mode=medium&illust_id=46703361","エドウィン,なにこれかわいい,鋼の錬金術師5000users入り,いいぞもっとやれ"
"http://www.pixiv.net/member_illust.php?mode=medium&illust_id=46699662","オリジナル,青,水族館,ふつくしい,幻想的,青の衝撃,オリジナル3000users入り"
"http://www.pixiv.net/member_illust.php?mode=medium&illust_id=46713243","遊戯王,海馬瀬人,真ゲス,どういうことなの…,投稿時間に愛を感じる,煮込まれる歴戦の決闘者達,よかれと思って,木馬だけでも逃げて,マシュマロン誰が食べるんだ,おでん"
"http://www.pixiv.net/member_illust.php?mode=medium&illust_id=46713305","VOCALOID,初音ミク,壮大,ウユニ塩湖,VOCALOID5000users入り,クリック推奨,荒ぶるキャプション,謎キャプション,ふつくしい"
"http://www.pixiv.net/member_illust.php?mode=medium&illust_id=46714648","ポケモン,妖怪ウォッチ,コマさん,ヒカリ,ポケモン1000users入り,妖怪ウォッチ1000users入り,ヒカリ(トレーナー)"
"http://www.pixiv.net/member_illust.php?mode=medium&illust_id=46704527","魔法少女まどか☆マギカ,巴マミ,メイキング希望!,まみこれふつくしい,覗いたらティロフィナーレ,まどか☆マギカ1000users入り,ふつくしい"
"http://www.pixiv.net/member_illust.php?mode=medium&illust_id=46709144","漫画,ポケモン,萌え禿げた,ぐうかわ,ニンサザ,なにこの仔たちかわいい,もうメロメロだから平気だもんっ,イーブイちゃんの破壊力,クチート先輩,ニンブイ"
"http://www.pixiv.net/member_illust.php?mode=medium&illust_id=46699584","ラブライブ!,南ことり,ラブライブ!1000users入り"
"http://www.pixiv.net/member_illust.php?mode=medium&illust_id=46700998","オリジナル,セーラー服,白ハイソックス,オリジナル1000users入り"
"http://www.pixiv.net/member_illust.php?mode=medium&illust_id=46704632","オリジナル,制服,黒タイツ,オリジナル1000users入り,えんぺら,女子高生"
"http://www.pixiv.net/member_illust.php?mode=medium&illust_id=46700020","オリジナル,女の子,ふつくしい,幻想的,オリジナル1000users入り,明かり"
"http://www.pixiv.net/member_illust.php?mode=medium&illust_id=46705585","ポケモン,ポケスペ,サファイア,ORAS,ルサ,ポケスペ1000users入り,ルビー,ポケスケベ,こうかはばつぐんだ,それは、ルビーだけにしろ!"
"http://www.pixiv.net/member_illust.php?mode=medium&illust_id=46700177","女の子,オリジナル,ハロウィン,黒は女性を美しく見せる,マント"
"http://www.pixiv.net/member_illust.php?mode=medium&illust_id=46714744","Fate,セイバー,ふつくしい,あなた様のセイバーが見られるとは!!,セイバー(Fate),ギル様ホイホイ,Fate1000users入り"
"http://www.pixiv.net/member_illust.php?mode=medium&illust_id=46706577","絢瀬絵里,ラブライブ!,ふつくしい,ラブライブ!1000users入り"
"http://www.pixiv.net/member_illust.php?mode=medium&illust_id=46713513","東方,秋姉妹,うつくしい,秋穣子,秋静葉,東方Project1000users入り,ロングスカート,ふつくしい"
"http://www.pixiv.net/member_illust.php?mode=medium&illust_id=46719611","オリジナル,漫画,外道,いともたやすく行われるえげつない行為,ﾎﾟｰｲ,絶望,なにこれひどい,訓練されたコメント欄,とんだ邪神,救いは無いんですか!?"
"http://www.pixiv.net/member_illust.php?mode=medium&illust_id=46701077","ラブライブ,南ことり,ラブライブ!,生靴下,被写界深度,挟まれたい谷間,ラブライブ!1000users入り,下着,かわいい"
"http://www.pixiv.net/member_illust.php?mode=medium&illust_id=46710558","七つの大罪,エリザベス,エロザべス,七つの大罪1000users入り"
"http://www.pixiv.net/member_illust.php?mode=medium&illust_id=46724785","オリジナル,女の子,ガーターベルト,オリジナル3000users入り,オリジナル4000users入り,軍服"
"http://www.pixiv.net/member_illust.php?mode=medium&illust_id=46727293","甘城ブリリアントパーク,千斗いすず,レイプ目,ドSホイホイ,パンスト,スーツ,滲み出るエロス,甘ブリ5000users入り,※ただの過労"
"http://www.pixiv.net/member_illust.php?mode=medium&illust_id=46721599","異世界迷宮の最深部を目指そう,小説家になろう,ライトノベル,なにこれ素敵,ラスティアラ・フーズヤーズ,小説家になろう1000users入り"
"http://www.pixiv.net/member_illust.php?mode=medium&illust_id=46704341","オリジナル,女の子,黒は女性を美しく見せる,オリジナル1000users入り"
"http://www.pixiv.net/member_illust.php?mode=medium&illust_id=46708760","神撃のバハムート,オリジナル"
"http://www.pixiv.net/member_illust.php?mode=medium&illust_id=46714269","オリジナル,女の子,ふくろう,ミミズク,そしてこのプロフ絵である,星空ドレス,ワシミミズク,月夜,オリジナル3000users入り"
"http://www.pixiv.net/member_illust.php?mode=medium&illust_id=46719579","東方,博麗霊夢,霧雨魔理沙,東方Project1000users入り,東方集合絵"
"http://www.pixiv.net/member_illust.php?mode=medium&illust_id=46720627","艦隊これくしょん,艦これ,川内,陽炎型,五十鈴,鳳翔,先生何やってんすか,陽炎/不知火/黒潮,先生無理しないで下さい,艦これ1000users入り"
"http://www.pixiv.net/member_illust.php?mode=medium&illust_id=46718638","風景,オリジナル,電波望遠鏡,ふつくしい,オリジナル3000users入り"
"http://www.pixiv.net/member_illust.php?mode=medium&illust_id=46700465","VOCALOID,初音ミク,ミク,miku,尻神様,レーシングミク,MAZDA,VOCALOID1000users入り"
"http://www.pixiv.net/member_illust.php?mode=medium&illust_id=46707346","VOCALOID,鏡音リン,鏡音レン,VOCALOID1000users入り"
"http://www.pixiv.net/member_illust.php?mode=medium&illust_id=46706689","女の子,落書き,エルソード,EVE,俺の知ってる落書きじゃない,elsword"
"http://www.pixiv.net/member_illust.php?mode=medium&illust_id=46713382","オリジナル,ドレス,創作,ふつくしい,オリジナル1000users入り"
"http://www.pixiv.net/member_illust.php?mode=medium&illust_id=46725792","オリジナル,ハロウィン,女の子,星空ドレス,黒は女性を美しく見せる,オリジナル1000users入り,ゴスロリ"
"http://www.pixiv.net/member_illust.php?mode=medium&illust_id=46709427","ib,なにこれかっこいい,Ib,なにこれ素敵,あなたが神か,Ib1000users入り"
"http://www.pixiv.net/member_illust.php?mode=medium&illust_id=46715381","東方,霊夢,脇巫女,ふともも,きれいな鶴亀,博麗霊夢,紅白,腋,東方Project1000users入り"
"http://www.pixiv.net/member_illust.php?mode=medium&illust_id=46713348","艦隊これくしょん/艦これ,らくがきイラスト,なにこれかわいい,瑞鳳/北上/利根/長門/不知火/大井/霧島/北方棲姫/曙,榛名/初雪/潮/日向/大鳳/伊401/扶桑/金剛,艦これ1000users入り,心に刺さる一言"
"http://www.pixiv.net/member_illust.php?mode=medium&illust_id=46713568","女の子,Paradise,PFFK,原创,オリジナル,黒は女性を美しく見せる,オリジナル1000users入り"
"http://www.pixiv.net/member_illust.php?mode=medium&illust_id=46718715","花,オリジナル,少女,キャミソール,オリジナル10000users入り"
"http://www.pixiv.net/member_illust.php?mode=medium&illust_id=46713305","VOCALOID,初音ミク,壮大,ウユニ塩湖,VOCALOID5000users入り,クリック推奨,荒ぶるキャプション,謎キャプション,ふつくしい"
"http://www.pixiv.net/member_illust.php?mode=medium&illust_id=46722568","初音ミク,VOCALOID,ジーンズ,VOCALOID5000users入り"
"http://www.pixiv.net/member_illust.php?mode=medium&illust_id=46714648","ポケモン,妖怪ウォッチ,コマさん,ヒカリ,ポケモン1000users入り,妖怪ウォッチ1000users入り,ヒカリ(トレーナー)"
"http://www.pixiv.net/member_illust.php?mode=medium&illust_id=46736519","Fate,セイバー,saber,Fate5000users入り"
"http://www.pixiv.net/member_illust.php?mode=medium&illust_id=46713243","遊戯王,海馬瀬人,真ゲス,どういうことなの…,投稿時間に愛を感じる,煮込まれる歴戦の決闘者達,よかれと思って,木馬だけでも逃げて,マシュマロン誰が食べるんだ,おでん"
"http://www.pixiv.net/member_illust.php?mode=medium&illust_id=46724785","オリジナル,女の子,ガーターベルト,オリジナル3000users入り,オリジナル4000users入り,軍服"
"http://www.pixiv.net/member_illust.php?mode=medium&illust_id=46714744","Fate,セイバー,ふつくしい,あなた様のセイバーが見られるとは!!,セイバー(Fate),ギル様ホイホイ,Fate1000users入り"
"http://www.pixiv.net/member_illust.php?mode=medium&illust_id=46713348","艦隊これくしょん/艦これ,らくがきイラスト,なにこれかわいい,瑞鳳/北上/利根/長門/不知火/大井/霧島/北方棲姫/曙,榛名/初雪/潮/日向/大鳳/伊401/扶桑/金剛,艦これ1000users入り,心に刺さる一言"
"http://www.pixiv.net/member_illust.php?mode=medium&illust_id=46718638","風景,オリジナル,電波望遠鏡,ふつくしい,オリジナル3000users入り"
"http://www.pixiv.net/member_illust.php?mode=medium&illust_id=46732642","ポケモン,ジバニャン,ヒカリ,妖怪ウォッチ,クロスオーバー,ポケモン1000users入り,妖怪ウォッチ1000users入り,ヒカリ(トレーナー)"
"http://www.pixiv.net/member_illust.php?mode=medium&illust_id=46721599","異世界迷宮の最深部を目指そう,小説家になろう,ライトノベル,なにこれ素敵,ラスティアラ・フーズヤーズ,小説家になろう1000users入り"
"http://www.pixiv.net/member_illust.php?mode=medium&illust_id=46714269","オリジナル,女の子,ふくろう,ミミズク,そしてこのプロフ絵である,星空ドレス,ワシミミズク,月夜,オリジナル3000users入り"
"http://www.pixiv.net/member_illust.php?mode=medium&illust_id=46713513","東方,秋姉妹,うつくしい,秋穣子,秋静葉,東方Project1000users入り,ロングスカート,ふつくしい"
"http://www.pixiv.net/member_illust.php?mode=medium&illust_id=46727293","甘城ブリリアントパーク,千斗いすず,レイプ目,ドSホイホイ,パンスト,スーツ,滲み出るエロス,甘ブリ5000users入り,※ただの過労"
"http://www.pixiv.net/member_illust.php?mode=medium&illust_id=46719579","東方,博麗霊夢,霧雨魔理沙,東方Project1000users入り,東方集合絵"
"http://www.pixiv.net/member_illust.php?mode=medium&illust_id=46732149","初音ミク,VOCALOID,ふつくしい,かっこいいミク,VOCALOID1000users入り"
"http://www.pixiv.net/member_illust.php?mode=medium&illust_id=46719611","オリジナル,漫画,外道,いともたやすく行われるえげつない行為,ﾎﾟｰｲ,絶望,なにこれひどい,訓練されたコメント欄,とんだ邪神,救いは無いんですか!?"
"http://www.pixiv.net/member_illust.php?mode=medium&illust_id=46725792","オリジナル,ハロウィン,女の子,星空ドレス,黒は女性を美しく見せる,オリジナル1000users入り,ゴスロリ"
"http://www.pixiv.net/member_illust.php?mode=medium&illust_id=46713475","月刊少女野崎くん,佐倉千代,パラス,ポケモン,月刊少女野崎くん1000users入り"
"http://www.pixiv.net/member_illust.php?mode=medium&illust_id=46715381","東方,霊夢,脇巫女,ふともも,きれいな鶴亀,博麗霊夢,紅白,腋,東方Project1000users入り"
"http://www.pixiv.net/member_illust.php?mode=medium&illust_id=46734725","NARUTO,うずまきナルト,日向ヒナタ,ナルヒナ,劇場版が楽しみになる絵!,キャプションに同意,なにこれめちゃくちゃいい,ありがとうございます,NARUTO10000users入り"
"http://www.pixiv.net/member_illust.php?mode=medium&illust_id=46738608","オリジナル,ボクケシゴム,挨拶してください。,よい子には、ベーコンをあげます。,人類には早すぎた,作者は病気,どういうことなの,でも笑顔,ベーコンおいしいよね,訓練されたコメント欄"
"http://www.pixiv.net/member_illust.php?mode=medium&illust_id=46736336","オリジナル,ショートパンツ,黒タイツ,生足,サンダル,裸足,セーラー服,アルビノ,オリジナル5000users入り,素足履き"
"http://www.pixiv.net/member_illust.php?mode=medium&illust_id=46740008","VOCALOID,初音ミク,VOCALOID1000users入り"
"http://www.pixiv.net/member_illust.php?mode=medium&illust_id=46729526","創作,ふつくしい…,クリック推奨,オリジナル1000users入り,MUSIRISCA"
"http://www.pixiv.net/member_illust.php?mode=medium&illust_id=46734292","艦隊これくしょん,艦これ,山城,中間棲姫,ふくらはぎ,衣装チェンジ,山城(艦隊これくしょん),艦これ5000users入り,素足履き"
"http://www.pixiv.net/member_illust.php?mode=medium&illust_id=46720627","艦隊これくしょん,艦これ,川内,陽炎型,五十鈴,鳳翔,先生何やってんすか,陽炎/不知火/黒潮,先生無理しないで下さい,艦これ1000users入り"
"http://www.pixiv.net/member_illust.php?mode=medium&illust_id=46742912","歌い手,イメージイラスト,luz,オリジナル,エンジェルフィッシュ,ふつくしい,本家,オリジナル5000users入り,歌い手5000users入り,Nem"
"http://www.pixiv.net/member_illust.php?mode=medium&illust_id=46713382","オリジナル,ドレス,創作,ふつくしい,オリジナル1000users入り"
"http://www.pixiv.net/member_illust.php?mode=medium&illust_id=46713974","オリジナル,素足履き,M字開脚,オリジナル1000users入り,尻神様"
"http://www.pixiv.net/member_illust.php?mode=medium&illust_id=46713568","女の子,Paradise,PFFK,原创,オリジナル,黒は女性を美しく見せる,オリジナル1000users入り"
"http://www.pixiv.net/member_illust.php?mode=medium&illust_id=46713404","初音ミク,セブンスドラゴン2020,水中,ふつくしい,VOCALOID,なにこれ素敵,VOCALOID1000users入り"
"http://www.pixiv.net/member_illust.php?mode=medium&illust_id=46722939","ポケモン,ORAS,ダイハル,ピカー,ポケモン1000users入り,ルリ(トレーナー),デンヒカ,ジュンヒカ,スマブラ"
"http://www.pixiv.net/member_illust.php?mode=medium&illust_id=46731042","艦これ,扶桑,日向(艦隊これくしょん),泣ける艦これ,まあ、そうなるな,切ない,艦これ1000users入り,遅すぎた着任,さりげなく安定の赤城"
"http://www.pixiv.net/member_illust.php?mode=medium&illust_id=46721212","SAO,ソードアート・オンライン,アスナ,リーファ,リズベット,シリカ,シノン,キリト,クライン「(´・ω・`)…。」"
"http://www.pixiv.net/member_illust.php?mode=medium&illust_id=46713429","Fate,Fate/staynight,甘城ブリリアントパーク,セイバー,モッフル,中の人繋がり,続編希望,ボン太くん,Fate1000users入り,甘ブリ1000users入り"
"http://www.pixiv.net/member_illust.php?mode=medium&illust_id=46739443","美少女戦士セーラームーン,セーラービーナス,セーラーヴィーナス,おめでとうございます!!,プロの犯行,先生何やってんですか,なにこれかわいい,愛野美奈子,セーラームーン1000users入り"
"http://www.pixiv.net/member_illust.php?mode=medium&illust_id=46720207","遠坂凛,Fate/staynight,はいてない,尻神様,Fate,尻,ヒップライン,投れ待ち,Fate1000users入り"
"http://www.pixiv.net/member_illust.php?mode=medium&illust_id=46732735","オリジナル,男の娘,躯ちゃん,オリジナル1000users入り"
"http://www.pixiv.net/member_illust.php?mode=medium&illust_id=46740459","Mischief,ダイレクトマーケティング,鬱くしい"
"http://www.pixiv.net/member_illust.php?mode=medium&illust_id=46723220","Deemo,Deemo1000users入り"
"http://www.pixiv.net/member_illust.php?mode=medium&illust_id=46720362","東方,稗田阿求,本居小鈴,求代目の紅茶会,東方Project500users入り,あきゅすず"
"http://www.pixiv.net/member_illust.php?mode=medium&illust_id=46720594","ラブライブ!,性転換,男体化,ジャミューズ"
"http://www.pixiv.net/member_illust.php?mode=medium&illust_id=46713478","艦隊これくしょん,艦これ,那珂,那珂ちゃんのファンになります,那珂改二,那珂ちゃんのファンやめません,艦これ500users入り"
"http://www.pixiv.net/member_illust.php?mode=medium&illust_id=46717924","艦これ,赤城,加賀,赤賀"
"http://www.pixiv.net/member_illust.php?mode=medium&illust_id=46738968","漫画,オリジナル,講座,女の子,納得の余談,講座100users入り,腕組み,講座1000users入り"
"http://www.pixiv.net/member_illust.php?mode=medium&illust_id=46732586","ハロウィン,背景,風景,かぽちゃ,俺もやったことないです,風景1000users入り"
"http://www.pixiv.net/member_illust.php?mode=medium&illust_id=46736519","Fate,セイバー,saber,Fate5000users入り"
"http://www.pixiv.net/member_illust.php?mode=medium&illust_id=46734292","艦隊これくしょん,艦これ,山城,中間棲姫,ふくらはぎ,衣装チェンジ,山城(艦隊これくしょん),艦これ5000users入り,素足履き"
"http://www.pixiv.net/member_illust.php?mode=medium&illust_id=46736336","オリジナル,ショートパンツ,黒タイツ,生足,サンダル,裸足,セーラー服,アルビノ,オリジナル5000users入り,素足履き"
"http://www.pixiv.net/member_illust.php?mode=medium&illust_id=46732642","ポケモン,ジバニャン,ヒカリ,妖怪ウォッチ,クロスオーバー,ポケモン1000users入り,妖怪ウォッチ1000users入り,ヒカリ(トレーナー)"
"http://www.pixiv.net/member_illust.php?mode=medium&illust_id=46740008","VOCALOID,初音ミク,VOCALOID1000users入り"
"http://www.pixiv.net/member_illust.php?mode=medium&illust_id=46734725","NARUTO,うずまきナルト,日向ヒナタ,ナルヒナ,劇場版が楽しみになる絵!,キャプションに同意,なにこれめちゃくちゃいい,ありがとうございます,NARUTO10000users入り"
"http://www.pixiv.net/member_illust.php?mode=medium&illust_id=46742912","歌い手,イメージイラスト,luz,オリジナル,エンジェルフィッシュ,ふつくしい,本家,オリジナル5000users入り,歌い手5000users入り,Nem"
"http://www.pixiv.net/member_illust.php?mode=medium&illust_id=46732149","初音ミク,VOCALOID,ふつくしい,かっこいいミク,VOCALOID1000users入り"
"http://www.pixiv.net/member_illust.php?mode=medium&illust_id=46739053","同人,Fate/staynight,遠坂凛,Archer,Fate,弓凜,弓凛,アーチャー,Fate1000users入り"
"http://www.pixiv.net/member_illust.php?mode=medium&illust_id=46740459","Mischief,ダイレクトマーケティング,鬱くしい"
"http://www.pixiv.net/member_illust.php?mode=medium&illust_id=46741407","うごイラ,艦これ,暁/響/雷/電/天龍,暁の水平線に勝利を刻みなさいっ!,天龍幼稚園,艦隊これくしょん,大人化,艦これ1000users入り,うごイラ1000users入り,第六駆逐隊"
"http://www.pixiv.net/member_illust.php?mode=medium&illust_id=46755965","遊戯王ARC-V,だいたいあってる,百合,柊柚子,はえーよホセ,光津真澄,即堕ち2コマシリーズ,ストロング柚子,遊戯王1000users入り,お姫様だっこ"
"http://www.pixiv.net/member_illust.php?mode=medium&illust_id=46738430","Fate/staynight,弓凛,なにこれかっこいい,遠坂凛,アーチャー,Fate,Fate1000users入り"
"http://www.pixiv.net/member_illust.php?mode=medium&illust_id=46732586","ハロウィン,背景,風景,かぽちゃ,俺もやったことないです,風景1000users入り"
"http://www.pixiv.net/member_illust.php?mode=medium&illust_id=46732005","Fate,Fate/staynight,ランサー,テライケメン,美しい,Fate1000users入り,アニキーッ!,兄貴イィイイィイイイイイィイ!!,バゼットさんホイホイ"
"http://www.pixiv.net/member_illust.php?mode=medium&illust_id=46731768","絶対絶望少女,苗木こまる,腐川冬子,ジェノサイダー翔,希望の戦士,絶対絶望少女1000users入り"
"http://www.pixiv.net/member_illust.php?mode=medium&illust_id=46742077","オリジナル,ハロウィン,なにこれ素敵!!,黒は女性を美しく見せる,オリジナル1000users入り"
"http://www.pixiv.net/member_illust.php?mode=medium&illust_id=46741774","神獄のヴァルハラゲート,仕事絵,擬人化"
"http://www.pixiv.net/member_illust.php?mode=medium&illust_id=46738608","オリジナル,ボクケシゴム,挨拶してください。,よい子には、ベーコンをあげます。,人類には早すぎた,作者は病気,どういうことなの,でも笑顔,ベーコンおいしいよね,訓練されたコメント欄"
"http://www.pixiv.net/member_illust.php?mode=medium&illust_id=46741572","ラブライブ,ことり,うみ,ことうみ,南ことり,ウェディングドレス,ラブライブ!1000users入り,ウェディング,園田海未"
"http://www.pixiv.net/member_illust.php?mode=medium&illust_id=46741149","カゲロウプロジェクト,アヤノ,アヤノちゃんマジ天使,い、1時・・・!?,カゲプロ1000users入り,なにこれ素敵,落書きってなんだっけ,メイキング希望"
"http://www.pixiv.net/member_illust.php?mode=medium&illust_id=46743301","創作"
"http://www.pixiv.net/member_illust.php?mode=medium&illust_id=46732735","オリジナル,男の娘,躯ちゃん,オリジナル1000users入り"
"http://www.pixiv.net/member_illust.php?mode=medium&illust_id=46739443","美少女戦士セーラームーン,セーラービーナス,セーラーヴィーナス,おめでとうございます!!,プロの犯行,先生何やってんですか,なにこれかわいい,愛野美奈子,セーラームーン1000users入り"
"http://www.pixiv.net/member_illust.php?mode=medium&illust_id=46732868","ポケスペ,レッド,グリーン,ブルー,なにこれ素敵,RGB,素晴らしすぎる,ポケスペ5000users入り"
"http://www.pixiv.net/member_illust.php?mode=medium&illust_id=46738968","漫画,オリジナル,講座,女の子,納得の余談,講座100users入り,腕組み,講座1000users入り"
"http://www.pixiv.net/member_illust.php?mode=medium&illust_id=46753422","オリジナル,朝,湖,廃屋,森,幻想的,そしてこのプロフ絵である,風景,オリジナル5000users入り"
"http://www.pixiv.net/member_illust.php?mode=medium&illust_id=46734066","艦隊これくしょん,艦これ,伊58,憲兵さんこっちです,拘束潜水艦,制服裸足,セーラー服,艦これ1000users入り,謎の液体"
"http://www.pixiv.net/member_illust.php?mode=medium&illust_id=46747058","絶対絶望少女,ダンガンロンパ,苗木こまる,腐川冬子,クリック推奨,絶対絶望少女1000users入り,モストデンジャラスシスターズ"
"http://www.pixiv.net/member_illust.php?mode=medium&illust_id=46757730","魔法少女まどか☆マギカ,叛逆の物語,なにこれすごい,まどか☆マギカ1000users入り,そしてこのプロフ画である,切ない"
"http://www.pixiv.net/member_illust.php?mode=medium&illust_id=46749770","ランプ,動物,星,なにこれ素敵,オリジナル3000users入り"
"http://www.pixiv.net/member_illust.php?mode=medium&illust_id=46731586","アイドルマスター,アイドルマスターミリオンライブ!,島原エレナ,田中琴葉,所恵美,クリック推奨,アイマス1000users入り,ここに行きたい"
"http://www.pixiv.net/member_illust.php?mode=medium&illust_id=46754244","月刊少女野崎くん,性転換,堀鹿,野生の公式,性転換したみこりんの違和感のなさ,みこりんかわいすぎる,女体化,月刊少女野崎くん5000users入り,萌え禿げた"
"http://www.pixiv.net/member_illust.php?mode=medium&illust_id=46745035","Fate/staynight,Fate/hollowataraxia,衛宮士郎,ランサー,間桐桜,Fate1000users入り,遠坂凛,キャスター(Fate/staynight),アヴェンジャー"
"http://www.pixiv.net/member_illust.php?mode=medium&illust_id=46731495","東方,東方project,藤原妹紅,上白沢慧音,もこけーね,泣けるキャプション,視界がぼやける程度の能力,もこけねは神の国,東方Project1000users入り"
"http://www.pixiv.net/member_illust.php?mode=medium&illust_id=46733360","オリジナル,男の娘,躯ちゃん,美脚,オリジナル1000users入り,タトゥー"
"http://www.pixiv.net/member_illust.php?mode=medium&illust_id=46745130","Fate/staynight,Fate,遠坂凛,雲,空,クリック推奨,ふつくしい,Fate1000users入り,solo"
"http://www.pixiv.net/member_illust.php?mode=medium&illust_id=46743654","LOC,10点じゃ足らない"
"http://www.pixiv.net/member_illust.php?mode=medium&illust_id=46741661","アナログ,花咲くいろは,松前緒花,花咲くいろは500users入り"
"http://www.pixiv.net/member_illust.php?mode=medium&illust_id=46752541","Fate,Fate/staynight,イリヤ,なにこれ超可愛い,イリヤスフィール・フォン・アインツベルン,Fate1000users入り"
"http://www.pixiv.net/member_illust.php?mode=medium&illust_id=46732908","ラブライブ!,西木野真姫,高嶺のフラワー,ラブライブ!1000users入り"
"http://www.pixiv.net/member_illust.php?mode=medium&illust_id=46754497","オリジナル,原创,女の子,オリジナル3000users入り"
"http://www.pixiv.net/member_illust.php?mode=medium&illust_id=46759559","オリジナル,男の娘,躯ちゃん,ニーハイ,オリジナル1000users入り"
"http://www.pixiv.net/member_illust.php?mode=medium&illust_id=46746063","キルラキル,鬼龍院皐月,野生の公式,恥じらいが繊維喪失,キルラキル1000users入り,純潔"
"http://www.pixiv.net/member_illust.php?mode=medium&illust_id=46731925","東方,博麗霊夢,霧雨魔理沙,例大祭,秋季例大祭,絢爛霊夢,レイマリ,ふつくしい,東方Project1000users入り"
"http://www.pixiv.net/member_illust.php?mode=medium&illust_id=46753422","オリジナル,朝,湖,廃屋,森,幻想的,そしてこのプロフ絵である,風景,オリジナル5000users入り"
"http://www.pixiv.net/member_illust.php?mode=medium&illust_id=46755965","遊戯王ARC-V,だいたいあってる,百合,柊柚子,はえーよホセ,光津真澄,即堕ち2コマシリーズ,ストロング柚子,遊戯王1000users入り,お姫様だっこ"
"http://www.pixiv.net/member_illust.php?mode=medium&illust_id=46757730","魔法少女まどか☆マギカ,叛逆の物語,なにこれすごい,まどか☆マギカ1000users入り,そしてこのプロフ画である,切ない"
"http://www.pixiv.net/member_illust.php?mode=medium&illust_id=46754984","Fate,Fate/staynight,セイバー,衛宮士郎,無限の剣製,Fate1000users入り"
"http://www.pixiv.net/member_illust.php?mode=medium&illust_id=46768442","遠坂凛,アーチャー,Fate/staynight,Fate,黒タイツ,弓凛,Fate1000users入り"
"http://www.pixiv.net/member_illust.php?mode=medium&illust_id=46764523","繰繰れ!コックリさん,市松こひな,なにこれかわいい,私にももふもふさせてください,ググコク1000users入り,コックリさん"
"http://www.pixiv.net/member_illust.php?mode=medium&illust_id=46774767","おじマシュ,墓穴,金髪の余裕,おじさん素敵,暴かれる弟の素性,笑い事ではない,ボツマシュ,これはコンドーム!,咥えゴム"
"http://www.pixiv.net/member_illust.php?mode=medium&illust_id=46766123","原創,赤ずきん,カエル王子,ダークメルヘン,カエルの王子様,バレッタ"
"http://www.pixiv.net/member_illust.php?mode=medium&illust_id=46752541","Fate,Fate/staynight,イリヤ,なにこれ超可愛い,イリヤスフィール・フォン・アインツベルン,Fate1000users入り"
"http://www.pixiv.net/member_illust.php?mode=medium&illust_id=46754497","オリジナル,原创,女の子,オリジナル3000users入り"
"http://www.pixiv.net/member_illust.php?mode=medium&illust_id=46753373","西木野真姫,ラブライブ!,ラブライブ!1000users入り"
"http://www.pixiv.net/member_illust.php?mode=medium&illust_id=46767727","艦これ,艦隊これくしょん,漣,誘い受け,即夜戦,まったく、駆逐艦は最高だぜ!!,パンチラ,艦これ5000users入り"
"http://www.pixiv.net/member_illust.php?mode=medium&illust_id=46772178","創作,ソロ充,自室,墓地"
"http://www.pixiv.net/member_illust.php?mode=medium&illust_id=46762441","イメージイラスト,歌い手,伊東歌詞太郎,天月,甘党加湿器,タイムマシン,ふつくしい,歌い手1000users入り"
"http://www.pixiv.net/member_illust.php?mode=medium&illust_id=46756966","創作,ハイセンス,ライダー,うちにおいで"
"http://www.pixiv.net/member_illust.php?mode=medium&illust_id=46768131","背景,風景,オリジナル,夕暮れ,ハイセンス,DS,オリジナル3000users入り"
"http://www.pixiv.net/member_illust.php?mode=medium&illust_id=46762317","オリジナル,女の子,黒タイツ,カメラ女子,八重歯,オリジナル1000users入り"
"http://www.pixiv.net/member_illust.php?mode=medium&illust_id=46767417","無駄親子,なにこれかわいい,萌え禿げた,決して時は止めないDIO,幼児化,うごイラ,逆転の発想,ジョジョのうごく冒険,うごイラ5000users入り,ジョジョ5000users入り"
"http://www.pixiv.net/member_illust.php?mode=medium&illust_id=46768521","艦これ,最上/三隈/鈴谷/熊野,筑摩/時雨/舞風/初風/木曾/日向/扶桑/長門/陸奥/大和,武蔵/間宮/伊良湖/飛龍/加賀/港湾棲姫,尻神様,艦これ1000users入り,ライン入りソックス,おさんどん,この後無茶苦茶シリーズ"
"http://www.pixiv.net/member_illust.php?mode=medium&illust_id=46762167","オリジナル,神撃のバハムート"
"http://www.pixiv.net/member_illust.php?mode=medium&illust_id=46758565","ポケモン,なにこれ切ない,ポケモン1000users入り,鬱くしい,リアルポケモン,ハートフルボッコ,ブラックジョーク"
"http://www.pixiv.net/member_illust.php?mode=medium&illust_id=46764015","おじマシュ,ストーキング,1人の時はその人間の素が見れる,キリッ,ボツマシュ,どういうことなの,おばあちゃん席あいたよ,番外編,席は譲りましょうね。,左下のゆっくり顔"
"http://www.pixiv.net/member_illust.php?mode=medium&illust_id=46752555","ポケモン,アニポケ,セレナ,ドリドリ,ポケモン1000users入り"
"http://www.pixiv.net/member_illust.php?mode=medium&illust_id=46778544","オリジナル,ワトラ,ハロウィン,八重歯,ロリ,なにこれかわいい,ツインテール,はいてない,箒になりたい,オリジナル3000users入り"
"http://www.pixiv.net/member_illust.php?mode=medium&illust_id=46752909","半抽象,落書き,ふつくしい,オリジナル1000users入り"
"http://www.pixiv.net/member_illust.php?mode=medium&illust_id=46759559","オリジナル,男の娘,躯ちゃん,ニーハイ,オリジナル1000users入り"
"http://www.pixiv.net/member_illust.php?mode=medium&illust_id=46767676","ゆるキャラ,アテンド,家族,食卓,着ぐるみ,ティッシュ,生卵飲み男VS溶き卵飲み男,ままっしー,中の人,変身"
"http://www.pixiv.net/member_illust.php?mode=medium&illust_id=46780524","漫画,艦これ,柴ドッグ提督シリーズ,艦隊これくしょん,物欲センサー,液晶テレビィィィィ‼!,頑張れ米原,むぎ提督,うざっと提督,艦これ1000users入り"
"http://www.pixiv.net/member_illust.php?mode=medium&illust_id=46763025","オリジナル,男の娘,躯ちゃん,セーター,オリジナル1000users入り"
"http://www.pixiv.net/member_illust.php?mode=medium&illust_id=46769038","ドリフターズ,織田信長,敦盛おどりまくり,織田家が生んだ焼きうちマッシーン,第六天魔王,仕えたい、この笑顔,笑えよホラ,溢れ出るカリスマ,陳宮,ドリフ1000users入り"
"http://www.pixiv.net/member_illust.php?mode=medium&illust_id=46763434","異形頭,映画泥棒,なにこれかっこいい,かっこよすぎか!!,スタイリッシュ,映画泥棒1000users入り,カメラ男"
"http://www.pixiv.net/member_illust.php?mode=medium&illust_id=46754763","進撃の巨人,Hannibal,Fate,JOJO,リヴァイ,弓凛,アーチャー,花京院典明,Fate/staynight,1000users入り"
"http://www.pixiv.net/member_illust.php?mode=medium&illust_id=46758310","妖怪ウォッチ,らくがきマンガ,取り返しのつかないウィスパー,全部私のせいだ,だが私は謝らない,よーかいのせーなのねーそーなのねー,なにこれ怖い,それも私だ,一大事"
"http://www.pixiv.net/member_illust.php?mode=medium&illust_id=46755457","VOCALOID,鏡音リン,HappyHalloween,VOCALOID1000users入り,本家"
"http://www.pixiv.net/member_illust.php?mode=medium&illust_id=46767935","オリジナル,女の子,制服,ハイソックス,オリジナル3000users入り,部屋"
"http://www.pixiv.net/member_illust.php?mode=medium&illust_id=46768050","バーサーカー,セイバー,Fate/staynight,Fate,ロングスカート,Fate1000users入り"
"http://www.pixiv.net/member_illust.php?mode=medium&illust_id=46758567","鋼の錬金術師,なにこれスゴい…,なにこれすごい,鋼の錬金術師1000users入り"
"http://www.pixiv.net/member_illust.php?mode=medium&illust_id=46775076","東方,犬走椛,文々。新聞友の会,射命丸文,東方Project1000users入り"
"http://www.pixiv.net/member_illust.php?mode=medium&illust_id=46767971","アイカツ!,星宮いちご,霧矢あおい,紫吹蘭,Soleil,アイカツ1000users入り"
"http://www.pixiv.net/member_illust.php?mode=medium&illust_id=46767608","妖怪ウォッチ,らくがきマンガ,現実は非情である,やめたげてよぉ!,救いはないんですか!?,現実へようこそ,現実という名の妖怪,現実逃避,妖怪ウォッチ1000users入り,妖怪ぼっち"
"http://www.pixiv.net/member_illust.php?mode=medium&illust_id=46752519","衛宮士郎,水墨画,fate,Fate/staynight,Fate,Fate500users入り"
"http://www.pixiv.net/member_illust.php?mode=medium&illust_id=46753235","東方,犬走椛,文々。新聞友の会,東方Project1000users入り,おっぱいのついたイケメン"
"http://www.pixiv.net/member_illust.php?mode=medium&illust_id=46752398","オリジナル,仕事絵,ハロウィン,拡散性ミリオンアーサー,オリジナル1000users入り,金髪碧眼"
"http://www.pixiv.net/member_illust.php?mode=medium&illust_id=46761188","fanart,Xenoblade,ゼノブレイド,シュルク,フィオルン,黒いフェイス,機神兵,ゼノブレイド1000users入り"
"http://www.pixiv.net/member_illust.php?mode=medium&illust_id=46767258","CLANNAD,岡崎朋也,古河渚,key500users入り"
"http://www.pixiv.net/member_illust.php?mode=medium&illust_id=46772238","艦隊これくしょん,那珂,北方棲姫/港湾棲姫/レ級,優しい世界,終戦,那珂ちゃんのファンになります,大団円,楽しい海,いい笑顔,艦これ1000users入り"
"http://www.pixiv.net/member_illust.php?mode=medium&illust_id=46777901","VOCALOID,鏡音リン,鏡音レン,ハロウィン,ぞんびちゃん,VOCALOID1000users入り,本家,オッドアイ"
"http://www.pixiv.net/member_illust.php?mode=medium&illust_id=46755428","夜景,ひと,地方都市,夜間もしくは暗い部屋での鑑賞推奨"
"http://www.pixiv.net/member_illust.php?mode=medium&illust_id=46767727","艦これ,艦隊これくしょん,漣,誘い受け,即夜戦,まったく、駆逐艦は最高だぜ!!,パンチラ,艦これ5000users入り"
"http://www.pixiv.net/member_illust.php?mode=medium&illust_id=46784347","倩女幽魂2,ハロウイン,なにこれかわいい,白タイツ,5000users入り,オリジナル"
"http://www.pixiv.net/member_illust.php?mode=medium&illust_id=46768131","背景,風景,オリジナル,夕暮れ,ハイセンス,DS,オリジナル3000users入り"
"http://www.pixiv.net/member_illust.php?mode=medium&illust_id=46778544","オリジナル,ワトラ,ハロウィン,八重歯,ロリ,なにこれかわいい,ツインテール,はいてない,箒になりたい,オリジナル3000users入り"
"http://www.pixiv.net/member_illust.php?mode=medium&illust_id=46767935","オリジナル,女の子,制服,ハイソックス,オリジナル3000users入り,部屋"
"http://www.pixiv.net/member_illust.php?mode=medium&illust_id=46783023","オリジナル,本,オリジナル5000users入り"
"http://www.pixiv.net/member_illust.php?mode=medium&illust_id=46780524","漫画,艦これ,柴ドッグ提督シリーズ,艦隊これくしょん,物欲センサー,液晶テレビィィィィ‼!,頑張れ米原,むぎ提督,うざっと提督,艦これ1000users入り"
"http://www.pixiv.net/member_illust.php?mode=medium&illust_id=46772178","創作,ソロ充,自室,墓地"
"http://www.pixiv.net/member_illust.php?mode=medium&illust_id=46768521","艦これ,最上/三隈/鈴谷/熊野,筑摩/時雨/舞風/初風/木曾/日向/扶桑/長門/陸奥/大和,武蔵/間宮/伊良湖/飛龍/加賀/港湾棲姫,尻神様,艦これ1000users入り,ライン入りソックス,おさんどん,この後無茶苦茶シリーズ"
"http://www.pixiv.net/member_illust.php?mode=medium&illust_id=46768067","オリジナル,えんぺら,女子高生,赤マフラー"
"http://www.pixiv.net/member_illust.php?mode=medium&illust_id=46775076","東方,犬走椛,文々。新聞友の会,射命丸文,東方Project1000users入り"
"http://www.pixiv.net/member_illust.php?mode=medium&illust_id=46777901","VOCALOID,鏡音リン,鏡音レン,ハロウィン,ぞんびちゃん,VOCALOID1000users入り,本家,オッドアイ"
"http://www.pixiv.net/member_illust.php?mode=medium&illust_id=46768050","バーサーカー,セイバー,Fate/staynight,Fate,ロングスカート,Fate1000users入り"
"http://www.pixiv.net/member_illust.php?mode=medium&illust_id=46768765","月刊少女野崎くん,佐倉千代,なにこれかわいい,月刊少女野崎くん1000users入り"
"http://www.pixiv.net/member_illust.php?mode=medium&illust_id=46767971","アイカツ!,星宮いちご,霧矢あおい,紫吹蘭,Soleil,アイカツ1000users入り"
"http://www.pixiv.net/member_illust.php?mode=medium&illust_id=46774804","タイツ,オリジナル,講座,デニール,資料,講座1000users入り,1.111デシテックス"
"http://www.pixiv.net/member_illust.php?mode=medium&illust_id=46786580","創作,リンゴ,りんご飴,赤,おいしそう"
"http://www.pixiv.net/member_illust.php?mode=medium&illust_id=46769038","ドリフターズ,織田信長,敦盛おどりまくり,織田家が生んだ焼きうちマッシーン,第六天魔王,仕えたい、この笑顔,笑えよホラ,溢れ出るカリスマ,陳宮,ドリフ1000users入り"
"http://www.pixiv.net/member_illust.php?mode=medium&illust_id=46789228","オリジナル,女の子,なにこれかわいい,ドーナツ,赤髪,百合"
"http://www.pixiv.net/member_illust.php?mode=medium&illust_id=46778433","CLANNAD,岡崎朋也,古河渚,柊勝平,key1000users入り"
"http://www.pixiv.net/member_illust.php?mode=medium&illust_id=46784839","背景,3D,風景,日の出,CG,オリジナル,都市,ここに行きたい,なにこれ神秘的,オリジナル3000users入り"
"http://www.pixiv.net/member_illust.php?mode=medium&illust_id=46790061","ラブライブ!,園田海未,ハロウィン,(・8・),うみこと,ラブライブ!1000users入り,まじもじうみみ,魔女っ子"
"http://www.pixiv.net/member_illust.php?mode=medium&illust_id=46782406","オリジナル,極彩色の魔術師,着物,猫,オリジナル3000users入り"
"http://www.pixiv.net/member_illust.php?mode=medium&illust_id=46783898","ポケモン,カフェライチュウ,ハロウィン,やどりぎのタネ,(表紙共々)やめたげてよぉ,なぜ植えたし,なぜ実ったし,そしてこの顔である,ライチュウダシ,ライチュウの扱いに定評のあるカフェ"
"http://www.pixiv.net/member_illust.php?mode=medium&illust_id=46773151","オリジナル,習作"
"http://www.pixiv.net/member_illust.php?mode=medium&illust_id=46784142","魔法少女まどか☆マギカ,まどほむ,巴マミ,マミなぎ,杏さや,ほむまど,まどか☆マギカ1000users入り,暁美ほむら,黙れラズベリー,佐倉杏子"
"http://www.pixiv.net/member_illust.php?mode=medium&illust_id=46792061","東方,豊聡耳神子,物部布都,みこふと,足指,東方Project1000users入り,ふつくしい,裸足"
"http://www.pixiv.net/member_illust.php?mode=medium&illust_id=46773592","ハロウィン,尻神様,Trick推奨"
"http://www.pixiv.net/member_illust.php?mode=medium&illust_id=46778212","ヴァルハライラコン魔,ソロモン72柱,ソロモン1000users入り"
"http://www.pixiv.net/member_illust.php?mode=medium&illust_id=46782393","鳥,メジロ,なにこれ可愛い,水浴び,魅惑のもふもふ,ぐうかわ,二列目左端の子を貰おう,二列目真ん中の子は私が!!,キュピーーン☆,オリジナル3000users入り"
"http://www.pixiv.net/member_illust.php?mode=medium&illust_id=46772017","Fate/staynight,落書き,アーチャー,弓凛,Fate1000users入り"
"http://www.pixiv.net/member_illust.php?mode=medium&illust_id=46768673","艦これ,深夜の真剣お絵描き60分一本勝負,川内,明石,大淀,尻神様,縞パン,千代田/北方棲姫/伊19/金剛/伊401/早霜/磯風,夕雲型,艦これ1000users入り"
"http://www.pixiv.net/member_illust.php?mode=medium&illust_id=46767847","Fate,セイバー,Fate/staynight,Fate1000users入り"
"http://www.pixiv.net/member_illust.php?mode=medium&illust_id=46771771","よその子,躯ちゃん,男の娘"
"http://www.pixiv.net/member_illust.php?mode=medium&illust_id=46769426","ラブライブ!,星空凛,タカラモノズ,チアガール,おへそ,わき,ラブライブ!500users入り"
"http://www.pixiv.net/member_illust.php?mode=medium&illust_id=46768687","VOCALOID,鏡音レン,鏡音リン,レンリン,なにこれかわいい,ほっこりする,VOCALOID1000users入り"
"http://www.pixiv.net/member_illust.php?mode=medium&illust_id=46768003","Fate/Zero,イスカンダル,王の軍勢,Rider,Fate,Fate/Zero500users入り"
"http://www.pixiv.net/member_illust.php?mode=medium&illust_id=46785918","オリジナル,男の娘,躯ちゃん,オリジナル500users入り,ボコ顔"
"http://www.pixiv.net/member_illust.php?mode=medium&illust_id=46788516","オリジナル,ハロウィン,女の子,黒は女性を美しく見せる,かぼちゃパンツ,猫杖"
"http://www.pixiv.net/member_illust.php?mode=medium&illust_id=46782997","ラブライブ!,裸足,ラブライブ!1000users入り"
"http://www.pixiv.net/member_illust.php?mode=medium&illust_id=46778061","アナログ,LostTechnology,エルフ"
"http://www.pixiv.net/member_illust.php?mode=medium&illust_id=46781804","オリジナル,ハロウィン,透け,尻神様"
"http://www.pixiv.net/member_illust.php?mode=medium&illust_id=46784347","倩女幽魂2,ハロウイン,なにこれかわいい,白タイツ,5000users入り,オリジナル"
"http://www.pixiv.net/member_illust.php?mode=medium&illust_id=46783023","オリジナル,本,オリジナル5000users入り"
"http://www.pixiv.net/member_illust.php?mode=medium&illust_id=46790061","ラブライブ!,園田海未,ハロウィン,(・8・),うみこと,ラブライブ!1000users入り,まじもじうみみ,魔女っ子"
"http://www.pixiv.net/member_illust.php?mode=medium&illust_id=46782406","オリジナル,極彩色の魔術師,着物,猫,オリジナル3000users入り"
"http://www.pixiv.net/member_illust.php?mode=medium&illust_id=46784839","背景,3D,風景,日の出,CG,オリジナル,都市,ここに行きたい,なにこれ神秘的,オリジナル3000users入り"
"http://www.pixiv.net/member_illust.php?mode=medium&illust_id=46782997","ラブライブ!,裸足,ラブライブ!1000users入り"
"http://www.pixiv.net/member_illust.php?mode=medium&illust_id=46792061","東方,豊聡耳神子,物部布都,みこふと,足指,東方Project1000users入り,ふつくしい,裸足"
"http://www.pixiv.net/member_illust.php?mode=medium&illust_id=46789228","オリジナル,女の子,なにこれかわいい,ドーナツ,赤髪,百合"
"http://www.pixiv.net/member_illust.php?mode=medium&illust_id=46781867","女の子,落書き,VOCALOID,IA,オフショルダー,VOCALOID1000users入り"
"http://www.pixiv.net/member_illust.php?mode=medium&illust_id=46784593","Fate,イリヤスフィール・フォン・アインツベルン,イリヤ,バーサーカー,TYPE-MOON,Fate1000users入り,Fate/staynight"
"http://www.pixiv.net/member_illust.php?mode=medium&illust_id=46804452","カゲロウプロジェクト,カノ子,キド,キドカノ,百合?,落書き,カゲプロ5000users入り"
"http://www.pixiv.net/member_illust.php?mode=medium&illust_id=46781869","魔女の宅急便,キキ,ハロウィン,ジブリ,なにこれかわいい,集荷,ジブリ1000users入り,持ってないやぁいたずらされちゃう?,素足履き,ロリ"
"http://www.pixiv.net/member_illust.php?mode=medium&illust_id=46782306","オリジナル,ギャングロード,ハロウィン,アリス"
"http://www.pixiv.net/member_illust.php?mode=medium&illust_id=46782514","オリジナル,JK,マフラー,カーディガン,制服,黒タイツ,萌え袖,オリジナル1000users入り,えんぺら"
"http://www.pixiv.net/member_illust.php?mode=medium&illust_id=46786580","創作,リンゴ,りんご飴,赤,おいしそう"
"http://www.pixiv.net/member_illust.php?mode=medium&illust_id=46790570","CLANNAD,岡崎朋也,古河渚,岡崎汐,key1000users入り,ふつくしい"
"http://www.pixiv.net/member_illust.php?mode=medium&illust_id=46782393","鳥,メジロ,なにこれ可愛い,水浴び,魅惑のもふもふ,ぐうかわ,二列目左端の子を貰おう,二列目真ん中の子は私が!!,キュピーーン☆,オリジナル3000users入り"
"http://www.pixiv.net/member_illust.php?mode=medium&illust_id=46791177","みくずきん,VOCALOID,初音ミク,ProjectDIVA,VOCALOID1000users入り,なにこれかわいい"
"http://www.pixiv.net/member_illust.php?mode=medium&illust_id=46805158","ポケモン,ピカチュウ,なにこれかわいい,シークレットの存在感,商品化希望,なにこれほしい,振り込めない詐欺,言い値で飼おう,フチポケ,ポケモン5000users入り"
"http://www.pixiv.net/member_illust.php?mode=medium&illust_id=46799182","地獄先生ぬ～べ～,ゆきめ,ふつくしい…,ゆきめは俺の嫁,メイキング希望,そしてこのプロフ画である,ぬ〜べ〜1000users入り,ブルーローズ,mom,ぬ～べ～1000users入り"
"http://www.pixiv.net/member_illust.php?mode=medium&illust_id=46798005","ドリフターズ,なにこれかっこいい,勝てる気がしない,ぜひ廃棄物達も,10点おいてけ,赤組,グイシーマンズと愉快なドリフ達,ドリフ5000users入り"
"http://www.pixiv.net/member_illust.php?mode=medium&illust_id=46790566","落書き,オリジナル,ハロウィン,黒髪ロング,眼帯"
"http://www.pixiv.net/member_illust.php?mode=medium&illust_id=46788516","オリジナル,ハロウィン,女の子,黒は女性を美しく見せる,かぼちゃパンツ,猫杖"
"http://www.pixiv.net/member_illust.php?mode=medium&illust_id=46785648","オリジナル,女の子,創作,タイツ,オリジナル3000users入り"
"http://www.pixiv.net/member_illust.php?mode=medium&illust_id=46790132","人外×少女,異種間恋愛,続くの、か?,性的な意味で,繁殖期,配偶者発見,婚活色,一目惚れ,続編希望,これ絶対入らないよね"
"http://www.pixiv.net/member_illust.php?mode=medium&illust_id=46782000","LOC,ふつくしい"
"http://www.pixiv.net/member_illust.php?mode=medium&illust_id=46789471","Fate/staynight,イリヤ,イリヤスフィール·フォン·アインツベルン,ふつくしい,Fate1000users入り"
"http://www.pixiv.net/member_illust.php?mode=medium&illust_id=46785947","ラブライブ!,西木野真姫,「真姫の○○」シリーズ,ハロウィン,綺麗な腹筋,ラブライブ!1000users入り"
"http://www.pixiv.net/member_illust.php?mode=medium&illust_id=46784142","魔法少女まどか☆マギカ,まどほむ,巴マミ,マミなぎ,杏さや,ほむまど,まどか☆マギカ1000users入り,暁美ほむら,黙れラズベリー,佐倉杏子"
"http://www.pixiv.net/member_illust.php?mode=medium&illust_id=46802441","創作,堕天使"
"http://www.pixiv.net/member_illust.php?mode=medium&illust_id=46782158","LOC,ハロウィン"
"http://www.pixiv.net/member_illust.php?mode=medium&illust_id=46790429","らんま1/2,らんま,らんま1/21000users入り"
"http://www.pixiv.net/member_illust.php?mode=medium&illust_id=46794784","VOCALOID,鏡音リン,鏡音レン,ぞんびちゃん,ハロウィン,VOCALOID1000users入り"
"http://www.pixiv.net/member_illust.php?mode=medium&illust_id=46803371","ブラック・ブレット,里見蓮太郎,ブラブレ1000users入り,公式,千寿夏世"
"http://www.pixiv.net/member_illust.php?mode=medium&illust_id=46795820","セーラームーン,美少女戦士セーラームーン,月野うさぎ,ちびうさ,クリック推奨,スーパーセーラームーン,内部太陽系戦士,エリオス,セーラームーン1000users入り,果てしなく良い太もも"
"http://www.pixiv.net/member_illust.php?mode=medium&illust_id=46798886","オリジナル,男の娘,躯ちゃん,オリジナル1000users入り"
"http://www.pixiv.net/member_illust.php?mode=medium&illust_id=46781804","オリジナル,ハロウィン,透け,尻神様"
"http://www.pixiv.net/member_illust.php?mode=medium&illust_id=46795840","繰繰れ!コックリさん,市松こひな,水墨画,ググコク500users入り,ググコク1000users入り,※作者は海外ユーザー"
"http://www.pixiv.net/member_illust.php?mode=medium&illust_id=46783295","ラブライブ!,聖母,東條希,ハロウィン,おへそ,ラブライブ!1000users入り"
"http://www.pixiv.net/member_illust.php?mode=medium&illust_id=46794284","オリジナル,ハロウィン"
"http://www.pixiv.net/member_illust.php?mode=medium&illust_id=46786880","天空のクリスタリア,ふつくしい,幻想的,氷,ファンタジー,クリック推奨,オリジナル1000users入り"
"http://www.pixiv.net/member_illust.php?mode=medium&illust_id=46805306","Fate,遠坂凛,Fate/staynight,Halloween,ハロウィン,Fate1000users入り,獣耳"
"http://www.pixiv.net/member_illust.php?mode=medium&illust_id=46789201","うーちゃん,卯月,艦これ,私服艦娘,黒タイツ,艦これ1000users入り,卯月(艦隊これくしょん),まったく、駆逐艦は最高だぜ!!"
"http://www.pixiv.net/member_illust.php?mode=medium&illust_id=46783811","ディアンヌ,七つの大罪,でっかわいい,七つの大罪1000users入り,大看板娘"
"http://www.pixiv.net/member_illust.php?mode=medium&illust_id=46806194","オリジナル,紅葉さん,かわいい,オリジナル1000users入り,七瀬紅葉"
"http://www.pixiv.net/member_illust.php?mode=medium&illust_id=46796190","オリジナル,ハロウィン,女の子,Chaosdrive"
"http://www.pixiv.net/member_illust.php?mode=medium&illust_id=46820676","創作,ハロウィン,食べ物,オリジナル5000users入り,お菓子"
"http://www.pixiv.net/member_illust.php?mode=medium&illust_id=46833706","艦これ,ハロウィン,北方棲姫,戦艦レ級,ジャックフロスト,ジャックランタン,艦これ好きの松竜,間宮,タノシイウミ,艦これ5000users入り"
"http://www.pixiv.net/member_illust.php?mode=medium&illust_id=46811645","ハロウィン,Halloween,白魔女,lackさんを探せ,ロングスカート,オリジナル,クリック推奨,ハイセンス"
"http://www.pixiv.net/member_illust.php?mode=medium&illust_id=46821932","女の子,オリジナル,ハロウィン,なにこれかわいい,オリジナル3000users入り,メイキング希望!!"
"http://www.pixiv.net/member_illust.php?mode=medium&illust_id=46816270","講談社ラノベ文庫,ばってんが!,黒髪ロング"
"http://www.pixiv.net/member_illust.php?mode=medium&illust_id=46812020","東方,レミリア・スカーレット,パチュリー・ノーレッジ,フランドール・スカーレット,十六夜咲夜,紅美鈴,紅魔館,ふつくしい,東方Project3000users入り,カーテン魂"
"http://www.pixiv.net/member_illust.php?mode=medium&illust_id=46820036","オリジナル,落書き,女の子,ハロウィン,オリジナル3000users入り"
"http://www.pixiv.net/member_illust.php?mode=medium&illust_id=46820355","オリジナル,ハロウィン,魔女子,はいてない,超絶かわいい,オリジナル1000users入り,ほうきそこ変わってくれ,エロス"
"http://www.pixiv.net/member_illust.php?mode=medium&illust_id=46849031","オリジナル,人外×少女"
"http://www.pixiv.net/member_illust.php?mode=medium&illust_id=46812216","月刊少女野崎くん,佐倉千代,月刊少女野崎くん1000users入り,落書きって何だっけ,千代ちゃんマジ天使"
"http://www.pixiv.net/member_illust.php?mode=medium&illust_id=46831736","IA,ハロウィン,メイキング希望,あなたが神か,VOCALOID1000users入り,なにこれかわいい,IAちゃんまじかわイア,VOCALOID,1000点でも足りない"
"http://www.pixiv.net/member_illust.php?mode=medium&illust_id=46822964","コードギアス,C.C.,ルルーシュ,尻神様,野生の公式,コードギアス1000users入り,ルルC"
"http://www.pixiv.net/member_illust.php?mode=medium&illust_id=46847981","甘城ブリリアントパーク,10点じゃ足りないふも,千斗いすず,ラティファ・フルーランザ,オフショルダー,甘ブリ5000users入り"
"http://www.pixiv.net/member_illust.php?mode=medium&illust_id=46814076","オリジナル,ファンタジー,風景,雲,クリック推奨,オリジナル3000users入り"
"http://www.pixiv.net/member_illust.php?mode=medium&illust_id=46818348","零,刺青の聲,紅い蝶,月蝕の仮面,濡鴉ノ巫女,零シリーズ1000users入り,ふつくしい"
"http://www.pixiv.net/member_illust.php?mode=medium&illust_id=46818234","東方,東風谷早苗,東方風神録,祀られる風の人間,東方Project1000users入り,溢れ出る現人神の風格"
"http://www.pixiv.net/member_illust.php?mode=medium&illust_id=46834235","オリジナル,Twitter,Halloween,タイツ,金髪碧眼,オリジナル3000users入り,激しくメイキング希望,包帯"
"http://www.pixiv.net/member_illust.php?mode=medium&illust_id=46843033","凪のあすから,学生服,セーラー服,制服裸足,凪のあすから1000users入り"
"http://www.pixiv.net/member_illust.php?mode=medium&illust_id=46811556","ラブライブ!,園田海未,おへそ,ラブアローシュート,かわいい,訓練されたコメント欄,ハロウィン,ラブライブ!1000users入り"
"http://www.pixiv.net/member_illust.php?mode=medium&illust_id=46829078","スーパーダンガンロンパ2,狛枝凪斗,七海千秋,日向創,トライアルポイントゲッターズ,まさかの共犯,ハロウィン,ヒナナミ,スーパーダンガンロンパ2_1000users入り"
"http://www.pixiv.net/member_illust.php?mode=medium&illust_id=46840216","創作,ハイセンス,極彩色の魔術師,クリック推奨,なにこれかっこいい,なにこれすごい,ふつくしい,和風,オリジナル3000users入り"
"http://www.pixiv.net/member_illust.php?mode=medium&illust_id=46819603","VOCALOID,初音ミク,ハロウィン,ふつくしい,VOCALOID1000users入り,チークスター"
"http://www.pixiv.net/member_illust.php?mode=medium&illust_id=46838370","ラブライブ!,星空凛,ハロウィンコス,ラブライブ!1000users入り,投稿時間に愛を感じる,猫耳,凛と一夜の間違い。,凛ちゃんマジ天使"
"http://www.pixiv.net/member_illust.php?mode=medium&illust_id=46843611","ラブライブ!,星空凛,まきりんぱな,ラブライブ!1000users入り,なにこれ微笑ましい,全米が泣いた"
"http://www.pixiv.net/member_illust.php?mode=medium&illust_id=46843745","オリジナル,ポトフちゃん,えんぺら,肉まん,オリジナル1000users入り"
"http://www.pixiv.net/member_illust.php?mode=medium&illust_id=46839247","東方,霊夢,金魚,東方Project1000users入り,チルノ,少女食事中,楽園の素敵な巫女"
"http://www.pixiv.net/member_illust.php?mode=medium&illust_id=46813477","オリジナル,女の子,マニキュア,クリック推奨,オリジナル1000users入り"
"http://www.pixiv.net/member_illust.php?mode=medium&illust_id=46814308","しにこん!,山脈と平原,小説家になろう,マリアベル"
"http://www.pixiv.net/member_illust.php?mode=medium&illust_id=46825887","Halloween,初音ミク,VOCALOID,魔女,VOCALOID1000users入り,これはいい初音"
"http://www.pixiv.net/member_illust.php?mode=medium&illust_id=46811465","オリジナル,ハロウィン,なにこれかわいい,オリジナル1000users入り"
"http://www.pixiv.net/member_illust.php?mode=medium&illust_id=46849383","月刊少女野崎くん,佐倉千代,野崎ホイホイ,ブラウニー,月刊少女野崎くん1000users入り,うちに来てくれ,なにこれ天使,なにこれかわいい,千代ちゃんマジ天使"
"http://www.pixiv.net/member_illust.php?mode=medium&illust_id=46829434","東方,艦これ,オリジナル,吹雪/電/龍田/天龍,ハサハ,ホンッ,深刻なタグ不足,美鈴,クロコダイン,東方Project1000users入り"
"http://www.pixiv.net/member_illust.php?mode=medium&illust_id=46813754","オリジナル,ハロウィン,金髪,オリジナル1000users入り"
"http://www.pixiv.net/member_illust.php?mode=medium&illust_id=46812105","SAO,ソードアート・オンライン,キリト,いたずら待機列こちらです,その列並びます(^-^)/,最後尾はどこですか(*･ω･)ﾉ,???「待機組のポッケに菓子を忍ばせておきました」,ごめん、お菓子忘れた。,SAO1000users入り,treatされていい!"
"http://www.pixiv.net/member_illust.php?mode=medium&illust_id=46827323","ハロウィン,Halloween,美しい,オリジナル1000users入り"
"http://www.pixiv.net/member_illust.php?mode=medium&illust_id=46815562","うごイラ,眼鏡,なるほどわからん,ね?簡単でしょ?,三つ編み,1枚目と2枚目の間に何が,メイキング,メガネ美人,なるほど、まったくわからん,CLIPSTUDIOPAINT"
"http://www.pixiv.net/member_illust.php?mode=medium&illust_id=46811844","艦隊これくしょん,艦これ,那珂ちゃんのファンになります,魔導物語,自撮り棒,明石/白露/皐月/初雪/那珂/阿賀野/長波/夕雲/祥鳳/初霜,熊野/川内/神通,阿賀野型,夕雲型,艦これ1000users入り"
"http://www.pixiv.net/member_illust.php?mode=medium&illust_id=46834728","艦隊これくしょん,艦これ,電(艦隊これくしょん),ハロウィン,電ちゃんマジ天使,艦これかわいい,たけのこの里,あふれる電愛,艦これ1000users入り"
"http://www.pixiv.net/member_illust.php?mode=medium&illust_id=46833036","創作,ハロウィン,女の子,なにこれかわいい,ネコミミフード,オリジナル500users入り"
"http://www.pixiv.net/member_illust.php?mode=medium&illust_id=46837072","ペルソナ4,ペルソナ1000users入り"
"http://www.pixiv.net/member_illust.php?mode=medium&illust_id=46815200","カードキャプターさくら,ロングスカート,さくとも,喪服"
"http://www.pixiv.net/member_illust.php?mode=medium&illust_id=46812001","鈴谷,龍田,大鳳,扶桑,加賀,艦これ,艦隊これくしょん,艦これ1000users入り"
"http://www.pixiv.net/member_illust.php?mode=medium&illust_id=46811669","ハロウイン,女の子,エルソード,Elsword,アイシャ,VP,EM,ツインテール,Elsword1000users入り"
"http://www.pixiv.net/member_illust.php?mode=medium&illust_id=46861162","Fate/staynight,遠坂凛,アーチャー,美脚,Fate,ふつくしい,あかいあくま,弓凛,Fate10000users入り,Fate5000users入り"
"http://www.pixiv.net/member_illust.php?mode=medium&illust_id=46843033","凪のあすから,学生服,セーラー服,制服裸足,凪のあすから1000users入り"
"http://www.pixiv.net/member_illust.php?mode=medium&illust_id=46839740","背景,オリジナル,スチームパンク,ロンドン,背景が主役,クリック推奨,オリジナル5000users入り,風景5000users入り"
"http://www.pixiv.net/member_illust.php?mode=medium&illust_id=46847981","甘城ブリリアントパーク,10点じゃ足りないふも,千斗いすず,ラティファ・フルーランザ,オフショルダー,甘ブリ5000users入り"
"http://www.pixiv.net/member_illust.php?mode=medium&illust_id=46849383","月刊少女野崎くん,佐倉千代,野崎ホイホイ,ブラウニー,月刊少女野崎くん1000users入り,うちに来てくれ,なにこれ天使,なにこれかわいい,千代ちゃんマジ天使"
"http://www.pixiv.net/member_illust.php?mode=medium&illust_id=46841555","Fate,Fate/staynight,遠坂凛,アーチャー,弓凛,ラニ=Ⅷ,Fate1000users入り"
"http://www.pixiv.net/member_illust.php?mode=medium&illust_id=46839247","東方,霊夢,金魚,東方Project1000users入り,チルノ,少女食事中,楽園の素敵な巫女"
"http://www.pixiv.net/member_illust.php?mode=medium&illust_id=46843611","ラブライブ!,星空凛,まきりんぱな,ラブライブ!1000users入り,なにこれ微笑ましい,全米が泣いた"
"http://www.pixiv.net/member_illust.php?mode=medium&illust_id=46861577","倩女幽魂2,女の子,ふつくしい,なにこれ綺麗"
"http://www.pixiv.net/member_illust.php?mode=medium&illust_id=46840216","創作,ハイセンス,極彩色の魔術師,クリック推奨,なにこれかっこいい,なにこれすごい,ふつくしい,和風,オリジナル3000users入り"
"http://www.pixiv.net/member_illust.php?mode=medium&illust_id=46859415","オリジナル,人外,騎士,創作,騎士サーの姫,続編希望,シリーズ化希望,オリジナル5000users入り,人外×少女"
"http://www.pixiv.net/member_illust.php?mode=medium&illust_id=46867768","遠坂凛,Fate/staynight,魅惑の太もも,Fate,Fate1000users入り,メイキング希望"
"http://www.pixiv.net/member_illust.php?mode=medium&illust_id=46838577","VOCALOID,初音ミク,ハートアラモード,ふつくしい,なにこれかわいい,VOCALOID1000users入り"
"http://www.pixiv.net/member_illust.php?mode=medium&illust_id=46838370","ラブライブ!,星空凛,ハロウィンコス,ラブライブ!1000users入り,投稿時間に愛を感じる,猫耳,凛と一夜の間違い。,凛ちゃんマジ天使"
"http://www.pixiv.net/member_illust.php?mode=medium&illust_id=46855269","Fate,Fate/staynight,セイバー,Fate1000users入り"
"http://www.pixiv.net/member_illust.php?mode=medium&illust_id=46852517","艦これ,艦隊これくしょん,天津風,ハロウィン,連装砲くん,艦これ1000users入り,なにこれかわいい"
"http://www.pixiv.net/member_illust.php?mode=medium&illust_id=46840996","ラブライブ!,星空凛,嫁分身,ラブライブ!1000users入り,Love_wing_bell"
"http://www.pixiv.net/member_illust.php?mode=medium&illust_id=46857205","ラブライブ!,星空凛,ラブライブ!1000users入り"
"http://www.pixiv.net/member_illust.php?mode=medium&illust_id=46838807","漫画,ラブライブ!,いつものしいたけ,RX-78-2,なにかがおかしい,東條希,ラブライブ!1000users入り,機動戦士ガンダム,サンライズ繋がり,じわじわくる"
"http://www.pixiv.net/member_illust.php?mode=medium&illust_id=46853505","ストライクウィッチーズ,アナログ,淫獣宮藤,ゲルトルート・バルクホルン,ディアンドル,谷間,かわいいお姉ちゃん,アナログの本気"
"http://www.pixiv.net/member_illust.php?mode=medium&illust_id=46838698","ラブライブ!,星空凛,Love_wing_bell,ウェディング,ラブライブ!1000users入り"
"http://www.pixiv.net/member_illust.php?mode=medium&illust_id=46868926","オリジナル,漫画,ポリポリ,ものすごくほしい,ピカー,わけがわからないよ,でも笑顔,どういうことなの,よだれ,訓練されたコメント欄"
"http://www.pixiv.net/member_illust.php?mode=medium&illust_id=46840530","ラブライブ!,星空凛,Love_wing_bell,ラブライブ!1000users入り,ウェディングドレス"
"http://www.pixiv.net/member_illust.php?mode=medium&illust_id=46838331","ラブライブ!,星空凛,ラブライブ!1000users入り"
"http://www.pixiv.net/member_illust.php?mode=medium&illust_id=46852816","オリジナル,うちの子,レクマノ,ハロウィン"
"http://www.pixiv.net/member_illust.php?mode=medium&illust_id=46851468","艦隊これくしょん,プロの犯行,レーベレヒト・マース,マックス・シュルツ,艦これかわいい,先生何やってんすか,先生育児もしています,こげ提督,先生お疲れ様です,艦これ500users入り"
"http://www.pixiv.net/member_illust.php?mode=medium&illust_id=46842734","オリジナル,ハロウィン,なにこれかわいい,ギリギリに定評のあったぬぬっこ,オリジナル1000users入り"
"http://www.pixiv.net/member_illust.php?mode=medium&illust_id=46869565","Fate/staynight,黒桜,間桐桜,アンリ・マユ,Fate,Fate1000users入り,女体美"
"http://www.pixiv.net/member_illust.php?mode=medium&illust_id=46863279","艦これ,艦隊これくしょん,夕張,私服艦娘,夕張(艦隊これくしょん),極上の貧乳,艦これ1000users入り,ポニーテール,裸足"
"http://www.pixiv.net/member_illust.php?mode=medium&illust_id=46851018","オリジナル,少女,ハロウィン,極彩色の魔術師,オリジナル1000users入り"
"http://www.pixiv.net/member_illust.php?mode=medium&illust_id=46843199","ラブライブ!,りんぱな,おへそ,水着,素足,ラブライブ!1000users入り,ペディキュア"
"http://www.pixiv.net/member_illust.php?mode=medium&illust_id=46857459","創作,かかってこいや現実!,←現実には勝てなかったよ…"
"http://www.pixiv.net/member_illust.php?mode=medium&illust_id=46856454","ヴァルハライラコン魔,オリジナル,おへそ,尻神様"
"http://www.pixiv.net/member_illust.php?mode=medium&illust_id=46861069","鏡音レン,vocaloid,なにこれかわいい,VOCALOID1000users入り"
"http://www.pixiv.net/member_illust.php?mode=medium&illust_id=46865486","女の子,オリジナル,ハロウィン,拡散性ミリオンアーサー"
"http://www.pixiv.net/member_illust.php?mode=medium&illust_id=46847449","星空凛,ラブライブ!,なにこれかわいい,ラブライブ!500users入り"
"http://www.pixiv.net/member_illust.php?mode=medium&illust_id=46848328","俺んちのメイドさん,オリジナル,天使が二人,オリジナル500users入り,なにこれかわいい"
"http://www.pixiv.net/member_illust.php?mode=medium&illust_id=46853881","東京喰種,カネトー,なにこれすてき,ふつくしい,東京喰種1000users入り,金木研,結婚式に呼ばれてません,霧嶋董香,金木董香,マリアベール"
"http://www.pixiv.net/member_illust.php?mode=medium&illust_id=46842108","ラブライブ!,西木野真姫,小泉花陽,星空凛,ラブライブ!500users入り,まきりんぱな"
"http://www.pixiv.net/member_illust.php?mode=medium&illust_id=46853071","ラブライブ!,星空凛,ラブライブ!1000users入り,星空"
"http://www.pixiv.net/member_illust.php?mode=medium&illust_id=46856334","人外,オリジナル,落書き,待ってました,感激のラスト,頑張りだけは、みとめるよ"
"http://www.pixiv.net/member_illust.php?mode=medium&illust_id=46857664","オリジナル,メガネメガネ"
"http://www.pixiv.net/member_illust.php?mode=medium&illust_id=46858357","selector,タマ,WIXOSS,WIXOSS1000users入り,タマヨリヒメ,selector1000users入り"
"http://www.pixiv.net/member_illust.php?mode=medium&illust_id=46851971","天体のメソッド,ノエル,天体のメソッド1000users入り,ノエル(天体のメソッド)"
"http://www.pixiv.net/member_illust.php?mode=medium&illust_id=46861162","Fate/staynight,遠坂凛,アーチャー,美脚,Fate,ふつくしい,あかいあくま,弓凛,Fate10000users入り,Fate5000users入り"
"http://www.pixiv.net/member_illust.php?mode=medium&illust_id=46861577","倩女幽魂2,女の子,ふつくしい,なにこれ綺麗"
"http://www.pixiv.net/member_illust.php?mode=medium&illust_id=46868008","ラブライブ!,矢澤にこ,おへそ,ラブライブ!1000users入り,なにこれかわいい,μ'sの小悪魔,252"
"http://www.pixiv.net/member_illust.php?mode=medium&illust_id=46867768","遠坂凛,Fate/staynight,魅惑の太もも,Fate,Fate1000users入り,メイキング希望"
"http://www.pixiv.net/member_illust.php?mode=medium&illust_id=46863484","艦これ,艦隊これくしょん,夕張,私服艦娘,夕張(艦隊これくしょん),素足履き,極上の貧乳,艦これ1000users入り,かっこいい夕張"
"http://www.pixiv.net/member_illust.php?mode=medium&illust_id=46869565","Fate/staynight,黒桜,間桐桜,アンリ・マユ,Fate,Fate1000users入り,女体美"
"http://www.pixiv.net/member_illust.php?mode=medium&illust_id=46877178","100100ピカチュウ,ポケモン,ピカチュウ,添い寝したい,なにこれ素敵,なにこの仔かわいい,なにこれ天使,なにこれ暖かい,ポケモン1000users入り"
"http://www.pixiv.net/member_illust.php?mode=medium&illust_id=46863279","艦これ,艦隊これくしょん,夕張,私服艦娘,夕張(艦隊これくしょん),極上の貧乳,艦これ1000users入り,ポニーテール,裸足"
"http://www.pixiv.net/member_illust.php?mode=medium&illust_id=46883480","ヴァルハライラコン魔,ふつくしい,蛇,プロの犯行,リリス,女怪人,人外,極上の乳,オリジナル5000users入り"
"http://www.pixiv.net/member_illust.php?mode=medium&illust_id=46878938","アカメが斬る!,なにこれかっこいい,ウェイクロ,クロメ,アカメが斬る!1000users入り,ウェイブ,ウェイブ(アカメが斬る!)"
"http://www.pixiv.net/member_illust.php?mode=medium&illust_id=46865486","女の子,オリジナル,ハロウィン,拡散性ミリオンアーサー"
"http://www.pixiv.net/member_illust.php?mode=medium&illust_id=46863128","Fate,Fate/staynight,アーチャー,遠坂凛,ランサー,弓凛,Fate1000users入り"
"http://www.pixiv.net/member_illust.php?mode=medium&illust_id=46894517","Fate/staynight,遠坂凛,アーチャー,弓凛,Fate,黒タイツ,Fate5000users入り,Fate1000users入り"
"http://www.pixiv.net/member_illust.php?mode=medium&illust_id=46861069","鏡音レン,vocaloid,なにこれかわいい,VOCALOID1000users入り"
"http://www.pixiv.net/member_illust.php?mode=medium&illust_id=46875355","キルラキル,鬼龍院皐月,揃三蔵,キルラキル1000users入り"
"http://www.pixiv.net/member_illust.php?mode=medium&illust_id=46883531","艦これ,艦隊これくしょん,赤城/由良/北上/瑞鶴/翔鶴/鬼怒,三隈/陽炎/羽黒/弥生/伊58/加賀/鳥海,雪風/最上/熊野/鈴谷/阿武隈/島風,天津風/時津風/初風,水パイプ,百合,KIRIMIちゃん,艦これ1000users入り"
"http://www.pixiv.net/member_illust.php?mode=medium&illust_id=46881388","漫画,オリジナル,人間×人外,なにこれかわいい,イクメン,つ…通販があれば嬉しいです(*ﾉﾉ),可愛すぎて狂っちまいそうだぜ!!,モンスター娘,縦リブ,ぐうかわ"
"http://www.pixiv.net/member_illust.php?mode=medium&illust_id=46890839","オリジナル,なにこれかわいい,オリジナル1000users入り"
"http://www.pixiv.net/member_illust.php?mode=medium&illust_id=46883006","百合,オリジナル,そしてこのプロフ絵である,ふつくしい,オリジナル1000users入り,百合1000users入り"
"http://www.pixiv.net/member_illust.php?mode=medium&illust_id=46868926","オリジナル,漫画,ポリポリ,ものすごくほしい,ピカー,わけがわからないよ,でも笑顔,どういうことなの,よだれ,訓練されたコメント欄"
"http://www.pixiv.net/member_illust.php?mode=medium&illust_id=46868057","魔法少女まどか☆マギカ,美樹さやか,佐倉杏子,杏さや,ここが楽園か,ロッソ・ファンタズマ,あんこれかわいい,百合夫婦,さやかは杏子のもの,まどか☆マギカ1000users入り"
"http://www.pixiv.net/member_illust.php?mode=medium&illust_id=46865894","曲イメージ,amazarashi,僕が死のうと思ったのは"
"http://www.pixiv.net/member_illust.php?mode=medium&illust_id=46883757","進撃の巨人,アルミン,アルミン生誕祭2014,将来はパン屋,ツッコミの使命感,愛を感じる,アルミンマジ天使,進撃の巨人1000users入り,図数分解をする幼児,因数分解をする幼児"
"http://www.pixiv.net/member_illust.php?mode=medium&illust_id=46898467","ヴァルハライラコン人,オリジナル1000users入り"
"http://www.pixiv.net/member_illust.php?mode=medium&illust_id=46902217","ヴァルハライラコン人,リンゴ,白雪姫,コルセット,オリジナル5000users入り"
"http://www.pixiv.net/member_illust.php?mode=medium&illust_id=46882918","Fate/staynight,遠坂凛,Fate,Fate1000users入り,黒タイツ"
"http://www.pixiv.net/member_illust.php?mode=medium&illust_id=46885094","ヴァルハライラコン人,俺の知ってる赤ずきんちゃんと違う,オリジナル3000users入り,なにこれかっこいい,勝てる気がしない,狼と赤頭巾ちゃん,武闘派"
"http://www.pixiv.net/member_illust.php?mode=medium&illust_id=46883248","100100ピカチュウ,ピカチュウ,ポケモン,なにこの仔かわいい,ポケモン1000users入り"
"http://www.pixiv.net/member_illust.php?mode=medium&illust_id=46862015","TYPE-MOON,Fate/staynight,イリヤ,イリヤスフィール・フォン・アインツベルン,Fate,キャプションに激しく同意,Fate1000users入り"
"http://www.pixiv.net/member_illust.php?mode=medium&illust_id=46862013","東方,十六夜咲夜,パンスト,東方Project500users入り"
"http://www.pixiv.net/member_illust.php?mode=medium&illust_id=46864096","ラブライブ!,星空凛,ラブライブ!500users入り"
"http://www.pixiv.net/member_illust.php?mode=medium&illust_id=46866391","Adelais,少女,萌,loli,女の子,女孩,Alice,クリック推奨,なにこれ超かわいい,オリジナル1000users入り"
"http://www.pixiv.net/member_illust.php?mode=medium&illust_id=46870164","ヴァルハライラコン神,北欧神話,オリジナル,神獄のヴァルハラゲート,裸足"
"http://www.pixiv.net/member_illust.php?mode=medium&illust_id=46865342","Fate/staynight,遠坂凛,言峰綺礼,愉悦,Fate1000users入り"
"http://www.pixiv.net/member_illust.php?mode=medium&illust_id=46895297","カードキャプターさくら,木之本桜,木之本桃矢,ハラショー,CLAMP1000users入り"
"http://www.pixiv.net/member_illust.php?mode=medium&illust_id=46888153","オリジナル,告知"
"http://www.pixiv.net/member_illust.php?mode=medium&illust_id=46885352","ラブライブ!,星空凛,女の子,星空,夜空,ラブライブ!1000users入り,ふつくしい"
"http://www.pixiv.net/member_illust.php?mode=medium&illust_id=46869666","アヤノ,カゲロウプロジェクト,目に焼き付ける蛇,カゲプロ1000users入り"
"http://www.pixiv.net/member_illust.php?mode=medium&illust_id=46887724","ヴァルハライラコン人,オリジナル1000users入り"
"http://www.pixiv.net/member_illust.php?mode=medium&illust_id=46884233","オリジナル,女の子,星空ドレス,ふつくしい,青,オリジナル1000users入り"
"http://www.pixiv.net/member_illust.php?mode=medium&illust_id=46861693","オリジナル,刹那,尻神様"
"http://www.pixiv.net/member_illust.php?mode=medium&illust_id=46878908","漫画,艦これ,艦隊これくしょん,龍驤,鳳翔,百合,お艦,幼児化,艦これ1000users入り,龍驤鳳翔"
"http://www.pixiv.net/member_illust.php?mode=medium&illust_id=46880447","マイクロビキニ,アンラブリー,ファントム(プリキュア),ハピネスチャージプリキュア!,ついてます,素晴ら尻,エロ衣装,我々の業界ではご褒美です,尻神様,ハピプリ500users入り"
"http://www.pixiv.net/member_illust.php?mode=medium&illust_id=46873778","ラブライブ!,星空凛,おへそ,ラブライブ!500users入り"
"http://www.pixiv.net/member_illust.php?mode=medium&illust_id=46862011","Fate/staynight,Fate,セイバー,遠坂凛,Type-Moon,黒タイツ,Fate1000users入り"
"http://www.pixiv.net/member_illust.php?mode=medium&illust_id=46902217","ヴァルハライラコン人,リンゴ,白雪姫,コルセット,オリジナル5000users入り"
"http://www.pixiv.net/member_illust.php?mode=medium&illust_id=46894517","Fate/staynight,遠坂凛,アーチャー,弓凛,Fate,黒タイツ,Fate5000users入り,Fate1000users入り"
"http://www.pixiv.net/member_illust.php?mode=medium&illust_id=46883480","ヴァルハライラコン魔,ふつくしい,蛇,プロの犯行,リリス,女怪人,人外,極上の乳,オリジナル5000users入り"
"http://www.pixiv.net/member_illust.php?mode=medium&illust_id=46905476","オリジナル,遺跡の本気,なにこれすごい,つちのこを探せ,クリック推奨,ここに行きたい,風景,オリジナル5000users入り,風景5000users入り"
"http://www.pixiv.net/member_illust.php?mode=medium&illust_id=46890055","Fate,衛宮士郎,騎士王,セイバー,かわいい騎士王さん,黒タイツ,Fate1000users入り,ちっちゃいお姉さん,士剣"
"http://www.pixiv.net/member_illust.php?mode=medium&illust_id=46893627","東京喰種,金木研,仕事がはやい,なにこれかっこいい,霧嶋董香,ふつくしい,白カネキ,東京喰種5000users入り"
"http://www.pixiv.net/member_illust.php?mode=medium&illust_id=46885094","ヴァルハライラコン人,俺の知ってる赤ずきんちゃんと違う,オリジナル3000users入り,なにこれかっこいい,勝てる気がしない,狼と赤頭巾ちゃん,武闘派"
"http://www.pixiv.net/member_illust.php?mode=medium&illust_id=46884799","オリジナル,女の子,ふつくしい,クリック推奨,オリジナル1000users入り,ハイセンス"
"http://www.pixiv.net/member_illust.php?mode=medium&illust_id=46898467","ヴァルハライラコン人,オリジナル1000users入り"
"http://www.pixiv.net/member_illust.php?mode=medium&illust_id=46895297","カードキャプターさくら,木之本桜,木之本桃矢,ハラショー,CLAMP1000users入り"
"http://www.pixiv.net/member_illust.php?mode=medium&illust_id=46882918","Fate/staynight,遠坂凛,Fate,Fate1000users入り,黒タイツ"
"http://www.pixiv.net/member_illust.php?mode=medium&illust_id=46884701","艦これ,日向,航空戦艦,時雨/扶桑/加賀/千歳/大鳳/赤城/伊勢/山城/木曾/北上,球磨/多摩/電,艦これ1000users入り,日向が好きすぎる提督"
"http://www.pixiv.net/member_illust.php?mode=medium&illust_id=46904137","アステカ神話,ヴァルハライラコン神,オリジナル,神獄のヴァルハラゲート,オリジナル1000users入り"
"http://www.pixiv.net/member_illust.php?mode=medium&illust_id=46913415","銀魂,神威,solo,ハイセンス,カートニアゴ,銀魂5000users入り,なにこれかっこいい,イケメン,カラスになりたい･･･(切実に),和傘"
"http://www.pixiv.net/member_illust.php?mode=medium&illust_id=46889460","SAO,ソードアート・オンライン,キリアス,キリアスユイ,ソードアートオンライン,SAO1000users入り"
"http://www.pixiv.net/member_illust.php?mode=medium&illust_id=46883491","オリジナル,ハロウィン,魔女"
"http://www.pixiv.net/member_illust.php?mode=medium&illust_id=46884735","ヴァルハライラコン人,オリジナル,美しい,涙,オリジナル1000users入り"
"http://www.pixiv.net/member_illust.php?mode=medium&illust_id=46898915","Fate/staynight,弓凛,Fate,アーチャー,遠坂凛,Fate1000users入り"
"http://www.pixiv.net/member_illust.php?mode=medium&illust_id=46885352","ラブライブ!,星空凛,女の子,星空,夜空,ラブライブ!1000users入り,ふつくしい"
"http://www.pixiv.net/member_illust.php?mode=medium&illust_id=46883493","アイドルマスター,ぷちます!,菊地真,まこちー,アイドルマスター2,そしてこのプロフ絵である,アイマス100users入り,いつものなのか,ダブルまこちー,アイマス1000users入り"
"http://www.pixiv.net/member_illust.php?mode=medium&illust_id=46896394","東京喰種,霧嶋董香,なにこれすごい,東京喰種1000users入り"
"http://www.pixiv.net/member_illust.php?mode=medium&illust_id=46888153","オリジナル,告知"
"http://www.pixiv.net/member_illust.php?mode=medium&illust_id=46892086","原创,美しい、麗しい!,オリジナル,これで練習レベルですか"
"http://www.pixiv.net/member_illust.php?mode=medium&illust_id=46913495","カゲロウプロジェクト,榎本貴音,九ノ瀬遥,涙腺崩壊,守れなかった、この笑顔,幸せになってほしい、この笑顔,遥貴,なにこれ切ない,目からおしるコーラ,カゲプロ1000users入り"
"http://www.pixiv.net/member_illust.php?mode=medium&illust_id=46912680","艦これ,五月雨,艦これかわいい,五月雨ちゃんマジ天使,守りたいこの笑顔,ヒール(上級者向け),入信待った無し,艦これ1000users入り,的確すぎるフェティッシュポイント,五月雨教"
"http://www.pixiv.net/member_illust.php?mode=medium&illust_id=46884332","絢瀬絵里,ラブライブ!,エリーチカ,Snowhalation,KKE,ラブライブ!1000users入り"
"http://www.pixiv.net/member_illust.php?mode=medium&illust_id=46906400","女の子,オリジナル,花,なにこれゆるふわ,ふつくしい,なにこれかわいい,オリジナル3000users入り,メイキング希望"
"http://www.pixiv.net/member_illust.php?mode=medium&illust_id=46887724","ヴァルハライラコン人,オリジナル1000users入り"
"http://www.pixiv.net/member_illust.php?mode=medium&illust_id=46909040","ドキドキ!プリキュア,キュアソード,マリー・アンジュ,剣崎真琴,アンまこ,でこちゅー,マリまこ,ドキプリ1000users入り"
"http://www.pixiv.net/member_illust.php?mode=medium&illust_id=46889528","オリジナル,金髪碧眼"
"http://www.pixiv.net/member_illust.php?mode=medium&illust_id=46911108","QURARE,美乳,ふつくしい"
"http://www.pixiv.net/member_illust.php?mode=medium&illust_id=46883335","妖怪ウォッチ,ジバニャン,天野景太,ウィスパー,なにこれかわいい,夕方,妖怪ウォッチ1000users入り"
"http://www.pixiv.net/member_illust.php?mode=medium&illust_id=46898408","ヴァルハライラコン人,オリジナル,女の子,アリス,オリジナル1000users入り"
"http://www.pixiv.net/member_illust.php?mode=medium&illust_id=46899424","衝撃のラスト,遠坂凛,尻神様,パンモロ,マンドラゴラ,ナゾノクサ,AxentWear,猫耳ヘッドホン,アルラウネ,たくし上げ"
"http://www.pixiv.net/member_illust.php?mode=medium&illust_id=46915169","ポケモン,ポケパルレ,ゴッドハンド,即堕ち2コマシリーズ,ポケパレル,かわいい,ギャップ,劇的ビフォーアフター,ガブリアス,なにこの仔かわいい"
"http://www.pixiv.net/member_illust.php?mode=medium&illust_id=46882784","夜兎兄妹,銀魂,投稿時間に愛を感じる,神楽生誕祭2014,神楽,銀魂1000users入り,食べる"
"http://www.pixiv.net/member_illust.php?mode=medium&illust_id=46902107","ヴァルハライラコン魔,神獄のヴァルハラゲート,オリジナル,ファンタジー,オリジナル500users入り"
"http://www.pixiv.net/member_illust.php?mode=medium&illust_id=46883005","日向翔陽,影山飛雄,ハイキュー!!,野生の公式,山口忠,西谷夕,これはいい尻,茂庭要,月島蛍,ハイキュー!!1000users入り"
"http://www.pixiv.net/member_illust.php?mode=medium&illust_id=46916285","アイーダ・スルガン,Gのレコンギスタ,パイロットスーツ,美乳,魅惑の腰,そこはかとないエロス,アイーダ・レイハントン,ガンダム,Gのレコンギスタ1000users入り,ガンダム1000users入り"
"http://www.pixiv.net/member_illust.php?mode=medium&illust_id=46902936","ヴァルハライラコン人,オリジナル,かぐや姫,羽衣"
"http://www.pixiv.net/member_illust.php?mode=medium&illust_id=46901723","ヴァルハライラコン神,オリエンタル,可愛い,ふつくしい,金髪碧眼,オリジナル1000users入り"
"http://www.pixiv.net/member_illust.php?mode=medium&illust_id=46905476","オリジナル,遺跡の本気,なにこれすごい,つちのこを探せ,クリック推奨,ここに行きたい,風景,オリジナル5000users入り,風景5000users入り"
"http://www.pixiv.net/member_illust.php?mode=medium&illust_id=46905105","Fate/staynight,saber,セイバー,クリック推奨,なにこれかっこいい,セイバー(Fate/staynight),ふつくしい,Fate5000users入り"
"http://www.pixiv.net/member_illust.php?mode=medium&illust_id=46913688","オリジナル,アルビノ,バラ,少女,赤白黒,ふつくしすぎる,オリジナルusers入り"
"http://www.pixiv.net/member_illust.php?mode=medium&illust_id=46906400","女の子,オリジナル,花,なにこれゆるふわ,ふつくしい,なにこれかわいい,オリジナル3000users入り,メイキング希望"
"http://www.pixiv.net/member_illust.php?mode=medium&illust_id=46920340","艦これ,島風,ポーズマニアックス,尻神様,ぜかま尻,体育座り,前から見えるお尻,おへそ,艦隊これくしょん,艦これ5000users入り"
"http://www.pixiv.net/member_illust.php?mode=medium&illust_id=46913495","カゲロウプロジェクト,榎本貴音,九ノ瀬遥,涙腺崩壊,守れなかった、この笑顔,幸せになってほしい、この笑顔,遥貴,なにこれ切ない,目からおしるコーラ,カゲプロ1000users入り"
"http://www.pixiv.net/member_illust.php?mode=medium&illust_id=46923937","プリパラ,ドロシー・ウェスト,レオナ・ウェスト,ウェスト姉弟,プリパラ5000users入り,双子"
"http://www.pixiv.net/member_illust.php?mode=medium&illust_id=46913415","銀魂,神威,solo,ハイセンス,カートニアゴ,銀魂5000users入り,なにこれかっこいい,イケメン,カラスになりたい･･･(切実に),和傘"
"http://www.pixiv.net/member_illust.php?mode=medium&illust_id=46912680","艦これ,五月雨,艦これかわいい,五月雨ちゃんマジ天使,守りたいこの笑顔,ヒール(上級者向け),入信待った無し,艦これ1000users入り,的確すぎるフェティッシュポイント,五月雨教"
"http://www.pixiv.net/member_illust.php?mode=medium&illust_id=46911108","QURARE,美乳,ふつくしい"
"http://www.pixiv.net/member_illust.php?mode=medium&illust_id=46927889","東方,ワンドロ,妹は土の中,尻神様,はいてない,メリー・ポピンズ,ヴィネット,スマホが幻想入り,リグル,東方Project5000users入り"
"http://www.pixiv.net/member_illust.php?mode=medium&illust_id=46926151","おじマシュ,エンボスナンス,※相思相愛ではありません,トイレ籠,ヒゲさんのお腹の感触=食べっこマシュマロの感触,ちょい悪オヤジの次はコレ!,この感触は…!?,おめでとうございます!,宣伝,スリスリスリスリ"
"http://www.pixiv.net/member_illust.php?mode=medium&illust_id=46920893","Fate/staynight,セイバー,saber,Fate1000users入り,セイバー(Fate/staynight),ロングスカート"
"http://www.pixiv.net/member_illust.php?mode=medium&illust_id=46927899","VOCALOID,MEIKO,KAITO,初音ミク,鏡音リン,鏡音レン,巡音ルカ,MEIKO生誕祭2014,クリプトン6兄弟,VOCALOID1000users入り"
"http://www.pixiv.net/member_illust.php?mode=medium&illust_id=46920499","女の子,オリジナル,女子高生,メイキング希望,オリジナル3000users入り,CDジャケット,金髪碧眼"
"http://www.pixiv.net/member_illust.php?mode=medium&illust_id=46917140","ポケモン,主人公♀,ヒカリ(トレーナー),ヒカリ,ポケモン1000users入り"
"http://www.pixiv.net/member_illust.php?mode=medium&illust_id=46909040","ドキドキ!プリキュア,キュアソード,マリー・アンジュ,剣崎真琴,アンまこ,でこちゅー,マリまこ,ドキプリ1000users入り"
"http://www.pixiv.net/member_illust.php?mode=medium&illust_id=46915169","ポケモン,ポケパルレ,ゴッドハンド,即堕ち2コマシリーズ,ポケパレル,かわいい,ギャップ,劇的ビフォーアフター,ガブリアス,なにこの仔かわいい"
"http://www.pixiv.net/member_illust.php?mode=medium&illust_id=46912642","僕のヒーローアカデミア,僕のヒーローアカデミア1000users入り,オールマイト"
"http://www.pixiv.net/member_illust.php?mode=medium&illust_id=46919501","オリジナル,女の子,狼,おっぱい,裸頭巾,赤裸々頭巾,赤ずきん,挟まれたい谷間,ルパンダイブせざるをえない谷間,オリジナル1000users入り"
"http://www.pixiv.net/member_illust.php?mode=medium&illust_id=46907639","ナルヒナ,NARUTO,THELAST,素敵,ここに式場を建てよう,なにこれ幸せ,うずまきナルト,日向ヒナタ,NARUTO5000users入り"
"http://www.pixiv.net/member_illust.php?mode=medium&illust_id=46914096","雑食モンスター,カートゥーンネットワーク,なにこれ超かわいい,パワーパフガールズ,野生の公式,ディズニーチャンネル,1000users入り"
"http://www.pixiv.net/member_illust.php?mode=medium&illust_id=46921782","サイコブレイク,PSYCHOBREAK,TheEvilWithin,サイコブレイク1000users入り"
"http://www.pixiv.net/member_illust.php?mode=medium&illust_id=46925157","型月,Fate,TYPE-MOON,間桐桜,Fate1000users入り,エプロン"
"http://www.pixiv.net/member_illust.php?mode=medium&illust_id=46916285","アイーダ・スルガン,Gのレコンギスタ,パイロットスーツ,美乳,魅惑の腰,そこはかとないエロス,アイーダ・レイハントン,ガンダム,Gのレコンギスタ1000users入り,ガンダム1000users入り"
"http://www.pixiv.net/member_illust.php?mode=medium&illust_id=46927094","100100ピカチュウ,ピカチュウ,ケチャチュウ,ぐうかわ,なにこの仔かわいい,いくらでもあげる!,野生の公式,ポケモン1000users入り,なにこれ天使,ケチャラー"
"http://www.pixiv.net/member_illust.php?mode=medium&illust_id=46920139","VOCALOID,MEIKO,MEIKO生誕祭2014,投稿時間に愛を感じる,VOCALOID1000users入り,ふつくしい"
"http://www.pixiv.net/member_illust.php?mode=medium&illust_id=46908702","絶対絶望少女,百合,空木言子,言こま,こま腐,絶対絶望少女1000users入り,モストデンジャラスシスターズ"
"http://www.pixiv.net/member_illust.php?mode=medium&illust_id=46920094","VOCALOID,MEIKO,MEIKO生誕祭2014,投稿時間に愛を感じる,VOCALOID1000users入り,メイコっぱい"
"http://www.pixiv.net/member_illust.php?mode=medium&illust_id=46908066","ライトノベル,宣伝"
"http://www.pixiv.net/member_illust.php?mode=medium&illust_id=46921386","デジモン,デジモンアドベンチャー,八神太一,ウォーグレイモン,C87,デジモン1000users入り"
"http://www.pixiv.net/member_illust.php?mode=medium&illust_id=46930016","オリジナル,男の娘,躯ちゃん,オリジナル1000users入り,オフショルダー"
"http://www.pixiv.net/member_illust.php?mode=medium&illust_id=46908297","オリジナル,六花,蒼い幻想,涙のスピード,ふつくしい"
"http://www.pixiv.net/member_illust.php?mode=medium&illust_id=46907320","ラブライブ!,星空凛,天使,ジャージ,ラブライブ!500users入り"
"http://www.pixiv.net/member_illust.php?mode=medium&illust_id=46914023","東方,紅美鈴,十六夜咲夜,めーさく,少女休憩中,東方Project500users入り"
"http://www.pixiv.net/member_illust.php?mode=medium&illust_id=46908531","西木野真姫,ラブライブ!,ラブライブ!1000users入り,真姫ちゃんかわいいかきくけこ"
"http://www.pixiv.net/member_illust.php?mode=medium&illust_id=46923223","photoshop,"オリジナル"
"http://www.pixiv.net/member_illust.php?mode=medium&illust_id=46906367","比叡,金剛,艦これ,その発想は無かった,言い値で買おう,比叡はアホかわいい,訓練されたコメント欄,うるさい,艦これ1000users入り,設計班「戦艦を冷やしてみました!」"
"http://www.pixiv.net/member_illust.php?mode=medium&illust_id=46913621","東洋竜さんと西洋竜さん,まとめ,ファナモ,ツンデレが紛れているぞ!探せ!,中二病ごっこ"
"http://www.pixiv.net/member_illust.php?mode=medium&illust_id=46921548","ラブライブ!,μ's,五星戦隊ダイレンジャー,ドヤチカ,ドヤ顔,集合絵,荒ぶる鷹のポーズ,ラブライブ!1000users入り"
"http://www.pixiv.net/member_illust.php?mode=medium&illust_id=46905415","プリパラ,レオナ・ウェスト,プリパラ1000users入り"
"http://www.pixiv.net/member_illust.php?mode=medium&illust_id=46930132","オリジナル,男の娘,躯ちゃん,オリジナル1000users入り"
"http://www.pixiv.net/member_illust.php?mode=medium&illust_id=46921308","アカメが斬る!,ウェイクロ,落書き,アカメが斬る!1000users入り,ウェイブ"
"http://www.pixiv.net/member_illust.php?mode=medium&illust_id=46905475","アイドルマスター,天海春香,アニマス,被り物に定評のあるねつき,アイマス100users入り,キャスケット帽"
"http://www.pixiv.net/member_illust.php?mode=medium&illust_id=46921073","セーラー,チェック,女の子,セーラーワンピース,オリジナル5000users入り,白ソックス"
"http://www.pixiv.net/member_illust.php?mode=medium&illust_id=46916958","漫画,講座,イラストレーター,待ってました!"
"http://www.pixiv.net/member_illust.php?mode=medium&illust_id=46934970","セブンスドラゴン2020-Ⅱ,セブンスドラゴン2020,うーさー,セーラー服,声優,ヘッドフォン,色紙,本家"
"http://www.pixiv.net/member_illust.php?mode=medium&illust_id=46923937","プリパラ,ドロシー・ウェスト,レオナ・ウェスト,ウェスト姉弟,プリパラ5000users入り,双子"
"http://www.pixiv.net/member_illust.php?mode=medium&illust_id=46920340","艦これ,島風,ポーズマニアックス,尻神様,ぜかま尻,体育座り,前から見えるお尻,おへそ,艦隊これくしょん,艦これ5000users入り"
"http://www.pixiv.net/member_illust.php?mode=medium&illust_id=46927899","VOCALOID,MEIKO,KAITO,初音ミク,鏡音リン,鏡音レン,巡音ルカ,MEIKO生誕祭2014,クリプトン6兄弟,VOCALOID1000users入り"
"http://www.pixiv.net/member_illust.php?mode=medium&illust_id=46920893","Fate/staynight,セイバー,saber,Fate1000users入り,セイバー(Fate/staynight),ロングスカート"
"http://www.pixiv.net/member_illust.php?mode=medium&illust_id=46927094","100100ピカチュウ,ピカチュウ,ケチャチュウ,ぐうかわ,なにこの仔かわいい,いくらでもあげる!,野生の公式,ポケモン1000users入り,なにこれ天使,ケチャラー"
"http://www.pixiv.net/member_illust.php?mode=medium&illust_id=46925157","型月,Fate,TYPE-MOON,間桐桜,Fate1000users入り,エプロン"
"http://www.pixiv.net/member_illust.php?mode=medium&illust_id=46926151","おじマシュ,エンボスナンス,※相思相愛ではありません,トイレ籠,ヒゲさんのお腹の感触=食べっこマシュマロの感触,ちょい悪オヤジの次はコレ!,この感触は…!?,おめでとうございます!,宣伝,スリスリスリスリ"
"http://www.pixiv.net/member_illust.php?mode=medium&illust_id=46920094","VOCALOID,MEIKO,MEIKO生誕祭2014,投稿時間に愛を感じる,VOCALOID1000users入り,メイコっぱい"
"http://www.pixiv.net/member_illust.php?mode=medium&illust_id=46920134","女の子,初音ミク,VOCALOID,セブンスドラゴン2020,初音ミク2020,VOCALOID1000users入り"
"http://www.pixiv.net/member_illust.php?mode=medium&illust_id=46921782","サイコブレイク,PSYCHOBREAK,TheEvilWithin,サイコブレイク1000users入り"
"http://www.pixiv.net/member_illust.php?mode=medium&illust_id=46920139","VOCALOID,MEIKO,MEIKO生誕祭2014,投稿時間に愛を感じる,VOCALOID1000users入り,ふつくしい"
"http://www.pixiv.net/member_illust.php?mode=medium&illust_id=46921548","ラブライブ!,μ's,五星戦隊ダイレンジャー,ドヤチカ,ドヤ顔,集合絵,荒ぶる鷹のポーズ,ラブライブ!1000users入り"
"http://www.pixiv.net/member_illust.php?mode=medium&illust_id=46934388","魔法少女まどか☆マギカ,落書き,鹿目まどか,欝くしい,Kriemhild_Gretchen,黒まどか,救済の魔女,涙目まどか,3000users入り"
"http://www.pixiv.net/member_illust.php?mode=medium&illust_id=46925550","艦これ,遠征C班,絶命処女,監督:加賀,厚い本,KAGAプロダクション,艦これ1000users入り,艦これの分厚い本ください,なにこれ凄まじい,熱い本"
"http://www.pixiv.net/member_illust.php?mode=medium&illust_id=46933302","デジモン,ポケモン,太ヤマ,笑撃のラスト,ポケモン1000users入り,デジモン1000users入り,光ミミ,大賢,腐向け,ポケスペ"
"http://www.pixiv.net/member_illust.php?mode=medium&illust_id=46930016","オリジナル,男の娘,躯ちゃん,オリジナル1000users入り,オフショルダー"
"http://www.pixiv.net/member_illust.php?mode=medium&illust_id=46938080","アナと雪の女王,Frozen,エルアナ,エルサ,アナ,かわいいとしか言いようがない,あなたさまのスカエルが見られるなんて!!!,1000点でも足りない,ディズニー,スカエル"
"http://www.pixiv.net/member_illust.php?mode=medium&illust_id=46933087","VOCALOID,カッターナイフ,制服裸足,セーラー服,女子高生"
"http://www.pixiv.net/member_illust.php?mode=medium&illust_id=46924400","うごイラ,寄生獣,ミギー,パラサイト,野生の公式,ミギー「泣くな、シンイチ」,こっち見んな,ハイクオリティ,寄生獣1000users入り"
"http://www.pixiv.net/member_illust.php?mode=medium&illust_id=46921386","デジモン,デジモンアドベンチャー,八神太一,ウォーグレイモン,C87,デジモン1000users入り"
"http://www.pixiv.net/member_illust.php?mode=medium&illust_id=46928063","東條希,ラブライブ!,lovelive,のんたん,ラブライブ!1000users入り"
"http://www.pixiv.net/member_illust.php?mode=medium&illust_id=46928334","VOCALOID,MEIKO,MEIKO生誕祭2014,VOCALOID1000users入り"
"http://www.pixiv.net/member_illust.php?mode=medium&illust_id=46921308","アカメが斬る!,ウェイクロ,落書き,アカメが斬る!1000users入り,ウェイブ"
"http://www.pixiv.net/member_illust.php?mode=medium&illust_id=46942833","おじマシュ,待ってました!!,ざわざわ,ゆめマシュ,なんだとー‼︎,次回wktk,その発想はしてはならなかった,1/8・・・!?,ひみつ道具"
"http://www.pixiv.net/member_illust.php?mode=medium&illust_id=46923223","photoshop,"オリジナル"
"http://www.pixiv.net/member_illust.php?mode=medium&illust_id=46930132","オリジナル,男の娘,躯ちゃん,オリジナル1000users入り"
"http://www.pixiv.net/member_illust.php?mode=medium&illust_id=46940014","初音ミク,VOCALOID,妄想税,VOCALOID1000users入り,ふつくしい"
"http://www.pixiv.net/member_illust.php?mode=medium&illust_id=46937537","オリジナル,男の娘,躯ちゃん,髪ブラ,黒生,生靴下,オリジナル1000users入り,黒ハイソックス"
"http://www.pixiv.net/member_illust.php?mode=medium&illust_id=46923382","VOCALOID,初音ミク,VOCALOID1000users入り"
"http://www.pixiv.net/member_illust.php?mode=medium&illust_id=46920400","艦隊これくしょん,艦これ版深夜の真剣お絵描き60分一本勝負,響/時雨/叢雲/綾波/あきつ丸/大鯨/大鳳/愛宕/伊8,尻神様,艦これ1000users入り,ヴィネット"
"http://www.pixiv.net/member_illust.php?mode=medium&illust_id=46939419","ハピネスチャージプリキュア!,キュアラブリー,キュアプリンセス,スーパーハピネスラブリー,シャーベットバレエ,人形の国のバレリーナ,なにこれ超素敵,東映アニメーション,勝てる気がしない,ハピプリ1000users入り"
"http://www.pixiv.net/member_illust.php?mode=medium&illust_id=46928220","VOCALOID,MEIKO,MEIKO生誕祭2014,Nostalogic,本家,ブルークリスタル,VOCALOID1000users入り"
"http://www.pixiv.net/member_illust.php?mode=medium&illust_id=46928861","VOCALOID,なにこれ可愛い,これはいい鏡音,レンリン,黄色い天使が二人,VOCALOID1000users入り"
"http://www.pixiv.net/member_illust.php?mode=medium&illust_id=46923548","NARUTO,THELAST,ナルヒナ,運命の赤いマフラー,なにこれ素敵,NARUTO1000users入り,赤マフラー,うずまきナルト,日向ヒナタ"
"http://www.pixiv.net/member_illust.php?mode=medium&illust_id=46924042","艦隊これくしょん,艦これ,榛名,榛名改二,ケッコンカッコカリ,金剛型,ふつくしい,艦これ1000users入り"
"http://www.pixiv.net/member_illust.php?mode=medium&illust_id=46946054","セイバー,遠坂凛,Fate/staynight,Fate,黒タイツ,オーバーニーソックス,食事,腹ペコ王,なにこれかわいい,Fate5000users入り"
"http://www.pixiv.net/member_illust.php?mode=medium&illust_id=46921374","オリジナル,そしてこの背景である,オリジナルサイズ推奨,尻神様,そしてこのプロフ画である"
"http://www.pixiv.net/member_illust.php?mode=medium&illust_id=46936457","ラブライブ!,南ことり,矢澤にこ,にことり,ラブライブ!1000users入り,尻神様,履いてない"
"http://www.pixiv.net/member_illust.php?mode=medium&illust_id=46936971","艦隊これくしょん,五月雨,五月雨教のメッカ,五月雨(艦隊これくしょん),尻神様,メインヒロイン(ガチ),隙間チラ,フレアパンツ,艦これ5000users入り"
"http://www.pixiv.net/member_illust.php?mode=medium&illust_id=46941287","ラフ,資料,女の子,髪型"
"http://www.pixiv.net/member_illust.php?mode=medium&illust_id=46943256","アナログ,ヴァルキリープロファイル,メルティーナ,トライエース1000users入り"
"http://www.pixiv.net/member_illust.php?mode=medium&illust_id=46920420","VOCALOID,KAITO,MEIKO,カイメイ,MEIKO生誕祭2014,クリプトン6兄弟,VOCALOID1000users入り"
"http://www.pixiv.net/member_illust.php?mode=medium&illust_id=46934970","セブンスドラゴン2020-Ⅱ,セブンスドラゴン2020,うーさー,セーラー服,声優,ヘッドフォン,色紙,本家"
"http://www.pixiv.net/member_illust.php?mode=medium&illust_id=46946054","セイバー,遠坂凛,Fate/staynight,Fate,黒タイツ,オーバーニーソックス,食事,腹ペコ王,なにこれかわいい,Fate5000users入り"
"http://www.pixiv.net/member_illust.php?mode=medium&illust_id=46950334","ラブライブ!,西木野真姫,矢澤にこ,にこまき,ギター,サックス,黒パンスト,ラブライブ!5000users入り,なにこれすてき"
"http://www.pixiv.net/member_illust.php?mode=medium&illust_id=46934388","魔法少女まどか☆マギカ,落書き,鹿目まどか,欝くしい,Kriemhild_Gretchen,黒まどか,救済の魔女,涙目まどか,3000users入り"
"http://www.pixiv.net/member_illust.php?mode=medium&illust_id=46940014","初音ミク,VOCALOID,妄想税,VOCALOID1000users入り,ふつくしい"
"http://www.pixiv.net/member_illust.php?mode=medium&illust_id=46936971","艦隊これくしょん,五月雨,五月雨教のメッカ,五月雨(艦隊これくしょん),尻神様,メインヒロイン(ガチ),隙間チラ,フレアパンツ,艦これ5000users入り"
"http://www.pixiv.net/member_illust.php?mode=medium&illust_id=46948436","オリジナル,ステキ,美しい,美少年"
"http://www.pixiv.net/member_illust.php?mode=medium&illust_id=46944944","ぷよぷよ,シグ,くろいシグ,ハイセンス,ぷよぷよ1000users入り"
"http://www.pixiv.net/member_illust.php?mode=medium&illust_id=46936457","ラブライブ!,南ことり,矢澤にこ,にことり,ラブライブ!1000users入り,尻神様,履いてない"
"http://www.pixiv.net/member_illust.php?mode=medium&illust_id=46938857","NARUTO,ナルヒナ,ネタバレ,NARUTO1000users入り,うずまきボルト,うずまきナルト"
"http://www.pixiv.net/member_illust.php?mode=medium&illust_id=46938080","アナと雪の女王,Frozen,エルアナ,エルサ,アナ,かわいいとしか言いようがない,あなたさまのスカエルが見られるなんて!!!,1000点でも足りない,ディズニー,スカエル"
"http://www.pixiv.net/member_illust.php?mode=medium&illust_id=46943576","オリジナル,女の子,素足,なにこれかわいい,オリジナル3000users入り"
"http://www.pixiv.net/member_illust.php?mode=medium&illust_id=46945608","オリジナル,もっと描いていいのよ,ガスマスク"
"http://www.pixiv.net/member_illust.php?mode=medium&illust_id=46939419","ハピネスチャージプリキュア!,キュアラブリー,キュアプリンセス,スーパーハピネスラブリー,シャーベットバレエ,人形の国のバレリーナ,なにこれ超素敵,東映アニメーション,勝てる気がしない,ハピプリ1000users入り"
"http://www.pixiv.net/member_illust.php?mode=medium&illust_id=46956855","オリジナル,pixiv祭,チアガール,六本木ヒルズ,神輿,六本木ヒルズ森タワー,超高層ビル"
"http://www.pixiv.net/member_illust.php?mode=medium&illust_id=46941287","ラフ,資料,女の子,髪型"
"http://www.pixiv.net/member_illust.php?mode=medium&illust_id=46939591","厚塗り,甲冑,FATE,SABER,アルトリア・ペンドラゴン,戦場,セイバー(Fate/staynight),Fate1000users入り,ふつくしい"
"http://www.pixiv.net/member_illust.php?mode=medium&illust_id=46936293","ラブライブ!,ほのえり,ラブライブ!1000users入り,絢瀬絵里,裸足,高坂穂乃果"
"http://www.pixiv.net/member_illust.php?mode=medium&illust_id=46937537","オリジナル,男の娘,躯ちゃん,髪ブラ,黒生,生靴下,オリジナル1000users入り,黒ハイソックス"
"http://www.pixiv.net/member_illust.php?mode=medium&illust_id=46936506","ラブライブ!,東條希,もぎゅっと“love”で接近中!,ラブライブ!1000users入り"
"http://www.pixiv.net/member_illust.php?mode=medium&illust_id=46952807","アイカツ!,氷上スミレ,アイカツ1000users入り"
"http://www.pixiv.net/member_illust.php?mode=medium&illust_id=46942833","おじマシュ,待ってました!!,ざわざわ,ゆめマシュ,なんだとー‼︎,次回wktk,その発想はしてはならなかった,1/8・・・!?,ひみつ道具"
"http://www.pixiv.net/member_illust.php?mode=medium&illust_id=46943256","アナログ,ヴァルキリープロファイル,メルティーナ,トライエース1000users入り"
"http://www.pixiv.net/member_illust.php?mode=medium&illust_id=46948912","本,波打ち際,海,眼鏡,すでで,使ったことない筋肉くれよ!,本の虫,メガネっ娘,アチコチガチムチ,本の山"
"http://www.pixiv.net/member_illust.php?mode=medium&illust_id=46949451","オリジナル,風景,森,ふつくしい,再生ボタン,オリジナル3000users入り"
"http://www.pixiv.net/member_illust.php?mode=medium&illust_id=46942967","初音ミク,VOCALOID,これはいい初音,何これかわいい,メイキング希望,VOCALOID1000users入り,AzPainter2…だと…"
"http://www.pixiv.net/member_illust.php?mode=medium&illust_id=46955878","オリジナル,かっこかわいい,オリジナル1000users入り,金髪"
"http://www.pixiv.net/member_illust.php?mode=medium&illust_id=46943871","VOCALOID,初音ミク,あらかわいい,初音ミクV3,これはいい初音,VOCALOID1000users入り"
"http://www.pixiv.net/member_illust.php?mode=medium&illust_id=46945335","東方,秋季例大祭,わかさぎ姫,依頼絵,秘境のマーメイド,淡水に棲む人魚,東方Project1000users入り,ふつくしい"
"http://www.pixiv.net/member_illust.php?mode=medium&illust_id=46934455","Fate/staynight,遠坂凛,アーチャー,弓凛,Fate,Fate1000users入り"
"http://www.pixiv.net/member_illust.php?mode=medium&illust_id=46958435","おじマシュ,ゆめマシュ,神速,フラグ,スポポッ,謎のエロス,じけましゅ,あーん,そしておじさんの手には何も残らない,とるっす"