"View","Score","url"
"106305","83414","http://www.pixiv.net/member_illust.php?mode=medium&illust_id=46660811"
"90903","57395","http://www.pixiv.net/member_illust.php?mode=medium&illust_id=46649352"
"39633","32450","http://www.pixiv.net/member_illust.php?mode=medium&illust_id=46650737"
"17968","16266","http://www.pixiv.net/member_illust.php?mode=medium&illust_id=46644504"
"32056","26395","http://www.pixiv.net/member_illust.php?mode=medium&illust_id=46648401"
"34142","32146","http://www.pixiv.net/member_illust.php?mode=medium&illust_id=46658176"
"47314","37896","http://www.pixiv.net/member_illust.php?mode=medium&illust_id=46656695"
"36173","33960","http://www.pixiv.net/member_illust.php?mode=medium&illust_id=46647357"
"29873","19752","http://www.pixiv.net/member_illust.php?mode=medium&illust_id=46644901"
"26666","22065","http://www.pixiv.net/member_illust.php?mode=medium&illust_id=46645271"
"162289","53385","http://www.pixiv.net/member_illust.php?mode=medium&illust_id=46650419"
"18535","15842","http://www.pixiv.net/member_illust.php?mode=medium&illust_id=46643322"
"34504","21090","http://www.pixiv.net/member_illust.php?mode=medium&illust_id=46665529"
"159358","53768","http://www.pixiv.net/member_illust.php?mode=medium&illust_id=46664940"
"19946","15560","http://www.pixiv.net/member_illust.php?mode=medium&illust_id=46649386"
"23560","11984","http://www.pixiv.net/member_illust.php?mode=medium&illust_id=46653269"
"29261","25916","http://www.pixiv.net/member_illust.php?mode=medium&illust_id=46656745"
"42297","24371","http://www.pixiv.net/member_illust.php?mode=medium&illust_id=46658855"
"30549","18372","http://www.pixiv.net/member_illust.php?mode=medium&illust_id=46641637"
"14993","14976","http://www.pixiv.net/member_illust.php?mode=medium&illust_id=46657011"
"31902","25077","http://www.pixiv.net/member_illust.php?mode=medium&illust_id=46658469"
"10612","10025","http://www.pixiv.net/member_illust.php?mode=medium&illust_id=46656642"
"11541","9840","http://www.pixiv.net/member_illust.php?mode=medium&illust_id=46643265"
"19427","13113","http://www.pixiv.net/member_illust.php?mode=medium&illust_id=46660675"
"19752","15605","http://www.pixiv.net/member_illust.php?mode=medium&illust_id=46664141"
"28021","17446","http://www.pixiv.net/member_illust.php?mode=medium&illust_id=46658939"
"35073","22280","http://www.pixiv.net/member_illust.php?mode=medium&illust_id=46668239"
"89320","31602","http://www.pixiv.net/member_illust.php?mode=medium&illust_id=46651549"
"13856","11231","http://www.pixiv.net/member_illust.php?mode=medium&illust_id=46662322"
"25600","18807","http://www.pixiv.net/member_illust.php?mode=medium&illust_id=46667331"
"35828","21820","http://www.pixiv.net/member_illust.php?mode=medium&illust_id=46661373"
"13220","10810","http://www.pixiv.net/member_illust.php?mode=medium&illust_id=46641882"
"11711","8423","http://www.pixiv.net/member_illust.php?mode=medium&illust_id=46651825"
"11608","9652","http://www.pixiv.net/member_illust.php?mode=medium&illust_id=46646540"
"27637","20720","http://www.pixiv.net/member_illust.php?mode=medium&illust_id=46657009"
"6724","5918","http://www.pixiv.net/member_illust.php?mode=medium&illust_id=46641734"
"6904","5638","http://www.pixiv.net/member_illust.php?mode=medium&illust_id=46651202"
"9446","8059","http://www.pixiv.net/member_illust.php?mode=medium&illust_id=46657487"
"21404","17776","http://www.pixiv.net/member_illust.php?mode=medium&illust_id=46656748"
"7580","6387","http://www.pixiv.net/member_illust.php?mode=medium&illust_id=46657912"
"10384","8553","http://www.pixiv.net/member_illust.php?mode=medium&illust_id=46657346"
"93909","55412","http://www.pixiv.net/member_illust.php?mode=medium&illust_id=46671252"
"66051","44425","http://www.pixiv.net/member_illust.php?mode=medium&illust_id=46681059"
"78721","51986","http://www.pixiv.net/member_illust.php?mode=medium&illust_id=46672980"
"47625","38928","http://www.pixiv.net/member_illust.php?mode=medium&illust_id=46675252"
"37440","33545","http://www.pixiv.net/member_illust.php?mode=medium&illust_id=46681568"
"81860","70162","http://www.pixiv.net/member_illust.php?mode=medium&illust_id=46692022"
"45614","23240","http://www.pixiv.net/member_illust.php?mode=medium&illust_id=46673128"
"27590","25281","http://www.pixiv.net/member_illust.php?mode=medium&illust_id=46672734"
"49558","24310","http://www.pixiv.net/member_illust.php?mode=medium&illust_id=46676130"
"19601","17056","http://www.pixiv.net/member_illust.php?mode=medium&illust_id=46675672"
"33704","19411","http://www.pixiv.net/member_illust.php?mode=medium&illust_id=46672021"
"15667","14128","http://www.pixiv.net/member_illust.php?mode=medium&illust_id=46674301"
"10304","11347","http://www.pixiv.net/member_illust.php?mode=medium&illust_id=46678365"
"26045","24578","http://www.pixiv.net/member_illust.php?mode=medium&illust_id=46678287"
"14004","12019","http://www.pixiv.net/member_illust.php?mode=medium&illust_id=46674466"
"20379","16740","http://www.pixiv.net/member_illust.php?mode=medium&illust_id=46678359"
"148890","44405","http://www.pixiv.net/member_illust.php?mode=medium&illust_id=46680370"
"28472","21028","http://www.pixiv.net/member_illust.php?mode=medium&illust_id=46689678"
"38279","41982","http://www.pixiv.net/member_illust.php?mode=medium&illust_id=46693497"
"22213","19110","http://www.pixiv.net/member_illust.php?mode=medium&illust_id=46671633"
"23937","18231","http://www.pixiv.net/member_illust.php?mode=medium&illust_id=46686573"
"10388","8552","http://www.pixiv.net/member_illust.php?mode=medium&illust_id=46677133"
"59229","29453","http://www.pixiv.net/member_illust.php?mode=medium&illust_id=46686739"
"23421","18372","http://www.pixiv.net/member_illust.php?mode=medium&illust_id=46676867"
"7788","7065","http://www.pixiv.net/member_illust.php?mode=medium&illust_id=46682532"
"145954","42610","http://www.pixiv.net/member_illust.php?mode=medium&illust_id=46694212"
"47742","21942","http://www.pixiv.net/member_illust.php?mode=medium&illust_id=46685193"
"17634","10734","http://www.pixiv.net/member_illust.php?mode=medium&illust_id=46679360"
"11920","9946","http://www.pixiv.net/member_illust.php?mode=medium&illust_id=46671908"
"16979","14697","http://www.pixiv.net/member_illust.php?mode=medium&illust_id=46678948"
"74275","63587","http://www.pixiv.net/member_illust.php?mode=medium&illust_id=46690963"
"13814","12179","http://www.pixiv.net/member_illust.php?mode=medium&illust_id=46677988"
"19266","12290","http://www.pixiv.net/member_illust.php?mode=medium&illust_id=46676458"
"23406","17029","http://www.pixiv.net/member_illust.php?mode=medium&illust_id=46671294"
"31190","19165","http://www.pixiv.net/member_illust.php?mode=medium&illust_id=46694616"
"36616","18238","http://www.pixiv.net/member_illust.php?mode=medium&illust_id=46694417"
"19061","13142","http://www.pixiv.net/member_illust.php?mode=medium&illust_id=46685778"
"12666","15308","http://www.pixiv.net/member_illust.php?mode=medium&illust_id=46671694"
"7687","6792","http://www.pixiv.net/member_illust.php?mode=medium&illust_id=46671220"
"82953","42089","http://www.pixiv.net/member_illust.php?mode=medium&illust_id=46688388"
"9440","6778","http://www.pixiv.net/member_illust.php?mode=medium&illust_id=46672349"
"11105","7533","http://www.pixiv.net/member_illust.php?mode=medium&illust_id=46680150"
"69468","30886","http://www.pixiv.net/member_illust.php?mode=medium&illust_id=46685777"
"7988","8120","http://www.pixiv.net/member_illust.php?mode=medium&illust_id=46672158"
"47414","25859","http://www.pixiv.net/member_illust.php?mode=medium&illust_id=46694747"
"10848","9278","http://www.pixiv.net/member_illust.php?mode=medium&illust_id=46686009"
"12489","9257","http://www.pixiv.net/member_illust.php?mode=medium&illust_id=46673764"
"8379","7057","http://www.pixiv.net/member_illust.php?mode=medium&illust_id=46673031"
"42480","16160","http://www.pixiv.net/member_illust.php?mode=medium&illust_id=46682335"
"81864","70162","http://www.pixiv.net/member_illust.php?mode=medium&illust_id=46692022"
"74277","63587","http://www.pixiv.net/member_illust.php?mode=medium&illust_id=46690963"
"99854","87502","http://www.pixiv.net/member_illust.php?mode=medium&illust_id=46700304"
"59232","29453","http://www.pixiv.net/member_illust.php?mode=medium&illust_id=46686739"
"38281","41982","http://www.pixiv.net/member_illust.php?mode=medium&illust_id=46693497"
"23938","18231","http://www.pixiv.net/member_illust.php?mode=medium&illust_id=46686573"
"82045","41749","http://www.pixiv.net/member_illust.php?mode=medium&illust_id=46700761"
"28475","21028","http://www.pixiv.net/member_illust.php?mode=medium&illust_id=46689678"
"31193","19165","http://www.pixiv.net/member_illust.php?mode=medium&illust_id=46694616"
"47358","25859","http://www.pixiv.net/member_illust.php?mode=medium&illust_id=46694747"
"36618","18238","http://www.pixiv.net/member_illust.php?mode=medium&illust_id=46694417"
"31834","29347","http://www.pixiv.net/member_illust.php?mode=medium&illust_id=46699662"
"19063","13142","http://www.pixiv.net/member_illust.php?mode=medium&illust_id=46685778"
"18158","14710","http://www.pixiv.net/member_illust.php?mode=medium&illust_id=46685986"
"40514","32947","http://www.pixiv.net/member_illust.php?mode=medium&illust_id=46708469"
"145955","42610","http://www.pixiv.net/member_illust.php?mode=medium&illust_id=46694212"
"144942","46340","http://www.pixiv.net/member_illust.php?mode=medium&illust_id=46707338"
"13936","14516","http://www.pixiv.net/member_illust.php?mode=medium&illust_id=46687176"
"7621","8369","http://www.pixiv.net/member_illust.php?mode=medium&illust_id=46695713"
"10842","9268","http://www.pixiv.net/member_illust.php?mode=medium&illust_id=46686009"
"30195","31315","http://www.pixiv.net/member_illust.php?mode=medium&illust_id=46700762"
"11004","9459","http://www.pixiv.net/member_illust.php?mode=medium&illust_id=46686878"
"15314","15774","http://www.pixiv.net/member_illust.php?mode=medium&illust_id=46700020"
"16724","9324","http://www.pixiv.net/member_illust.php?mode=medium&illust_id=46685903"
"11202","9779","http://www.pixiv.net/member_illust.php?mode=medium&illust_id=46686796"
"11289","6790","http://www.pixiv.net/member_illust.php?mode=medium&illust_id=46693395"
"31808","25592","http://www.pixiv.net/member_illust.php?mode=medium&illust_id=46699568"
"24706","16242","http://www.pixiv.net/member_illust.php?mode=medium&illust_id=46689933"
"54873","35348","http://www.pixiv.net/member_illust.php?mode=medium&illust_id=46699624"
"25535","12364","http://www.pixiv.net/member_illust.php?mode=medium&illust_id=46704805"
"11706","8384","http://www.pixiv.net/member_illust.php?mode=medium&illust_id=46691128"
"6711","8119","http://www.pixiv.net/member_illust.php?mode=medium&illust_id=46693162"
"14566","12169","http://www.pixiv.net/member_illust.php?mode=medium&illust_id=46706577"
"13179","8190","http://www.pixiv.net/member_illust.php?mode=medium&illust_id=46694817"
"20719","20619","http://www.pixiv.net/member_illust.php?mode=medium&illust_id=46704527"
"49968","32617","http://www.pixiv.net/member_illust.php?mode=medium&illust_id=46709144"
"23356","16654","http://www.pixiv.net/member_illust.php?mode=medium&illust_id=46690262"
"9918","5471","http://www.pixiv.net/member_illust.php?mode=medium&illust_id=46695980"
"35606","35997","http://www.pixiv.net/member_illust.php?mode=medium&illust_id=46703361"
"18422","16313","http://www.pixiv.net/member_illust.php?mode=medium&illust_id=46699584"
"25650","23876","http://www.pixiv.net/member_illust.php?mode=medium&illust_id=46694456"
"9156","10447","http://www.pixiv.net/member_illust.php?mode=medium&illust_id=46695163"
"25671","15758","http://www.pixiv.net/member_illust.php?mode=medium&illust_id=46708760"
"106469","86520","http://www.pixiv.net/member_illust.php?mode=medium&illust_id=46706919"
"99856","87512","http://www.pixiv.net/member_illust.php?mode=medium&illust_id=46700304"
"82047","41749","http://www.pixiv.net/member_illust.php?mode=medium&illust_id=46700761"
"134618","117860","http://www.pixiv.net/member_illust.php?mode=medium&illust_id=46718715"
"54876","35358","http://www.pixiv.net/member_illust.php?mode=medium&illust_id=46699624"
"40515","32947","http://www.pixiv.net/member_illust.php?mode=medium&illust_id=46708469"
"35262","28632","http://www.pixiv.net/member_illust.php?mode=medium&illust_id=46704741"
"35607","35997","http://www.pixiv.net/member_illust.php?mode=medium&illust_id=46703361"
"31836","29347","http://www.pixiv.net/member_illust.php?mode=medium&illust_id=46699662"
"60970","32860","http://www.pixiv.net/member_illust.php?mode=medium&illust_id=46713243"
"73108","70167","http://www.pixiv.net/member_illust.php?mode=medium&illust_id=46713305"
"50660","26390","http://www.pixiv.net/member_illust.php?mode=medium&illust_id=46714648"
"20720","20619","http://www.pixiv.net/member_illust.php?mode=medium&illust_id=46704527"
"49972","32617","http://www.pixiv.net/member_illust.php?mode=medium&illust_id=46709144"
"18433","16313","http://www.pixiv.net/member_illust.php?mode=medium&illust_id=46699584"
"22456","15798","http://www.pixiv.net/member_illust.php?mode=medium&illust_id=46700998"
"17147","13841","http://www.pixiv.net/member_illust.php?mode=medium&illust_id=46704632"
"15302","15774","http://www.pixiv.net/member_illust.php?mode=medium&illust_id=46700020"
"21264","12164","http://www.pixiv.net/member_illust.php?mode=medium&illust_id=46705585"
"14623","13206","http://www.pixiv.net/member_illust.php?mode=medium&illust_id=46700177"
"23366","22968","http://www.pixiv.net/member_illust.php?mode=medium&illust_id=46714744"
"14567","12169","http://www.pixiv.net/member_illust.php?mode=medium&illust_id=46706577"
"19442","21135","http://www.pixiv.net/member_illust.php?mode=medium&illust_id=46713513"
"40182","29230","http://www.pixiv.net/member_illust.php?mode=medium&illust_id=46719611"
"29283","20232","http://www.pixiv.net/member_illust.php?mode=medium&illust_id=46701077"
"18286","12244","http://www.pixiv.net/member_illust.php?mode=medium&illust_id=46710558"
"30249","26082","http://www.pixiv.net/member_illust.php?mode=medium&illust_id=46724785"
"124165","74811","http://www.pixiv.net/member_illust.php?mode=medium&illust_id=46727293"
"30193","23926","http://www.pixiv.net/member_illust.php?mode=medium&illust_id=46721599"
"9951","8780","http://www.pixiv.net/member_illust.php?mode=medium&illust_id=46704341"
"25673","15758","http://www.pixiv.net/member_illust.php?mode=medium&illust_id=46708760"
"27038","24667","http://www.pixiv.net/member_illust.php?mode=medium&illust_id=46714269"
"14811","15592","http://www.pixiv.net/member_illust.php?mode=medium&illust_id=46719579"
"29547","15287","http://www.pixiv.net/member_illust.php?mode=medium&illust_id=46720627"
"20506","21997","http://www.pixiv.net/member_illust.php?mode=medium&illust_id=46718638"
"12736","10734","http://www.pixiv.net/member_illust.php?mode=medium&illust_id=46700465"
"11402","8040","http://www.pixiv.net/member_illust.php?mode=medium&illust_id=46707346"
"14776","9515","http://www.pixiv.net/member_illust.php?mode=medium&illust_id=46706689"
"14346","14177","http://www.pixiv.net/member_illust.php?mode=medium&illust_id=46713382"
"17573","14620","http://www.pixiv.net/member_illust.php?mode=medium&illust_id=46725792"
"10518","10317","http://www.pixiv.net/member_illust.php?mode=medium&illust_id=46709427"
"25947","18034","http://www.pixiv.net/member_illust.php?mode=medium&illust_id=46715381"
"61845","29896","http://www.pixiv.net/member_illust.php?mode=medium&illust_id=46713348"
"13042","11937","http://www.pixiv.net/member_illust.php?mode=medium&illust_id=46701790"
"18512","13077","http://www.pixiv.net/member_illust.php?mode=medium&illust_id=46713568"
"134624","117860","http://www.pixiv.net/member_illust.php?mode=medium&illust_id=46718715"
"73114","70167","http://www.pixiv.net/member_illust.php?mode=medium&illust_id=46713305"
"50351","46396","http://www.pixiv.net/member_illust.php?mode=medium&illust_id=46722568"
"50662","26390","http://www.pixiv.net/member_illust.php?mode=medium&illust_id=46714648"
"82788","63913","http://www.pixiv.net/member_illust.php?mode=medium&illust_id=46736519"
"60976","32860","http://www.pixiv.net/member_illust.php?mode=medium&illust_id=46713243"
"30250","26082","http://www.pixiv.net/member_illust.php?mode=medium&illust_id=46724785"
"23367","22968","http://www.pixiv.net/member_illust.php?mode=medium&illust_id=46714744"
"61847","29896","http://www.pixiv.net/member_illust.php?mode=medium&illust_id=46713348"
"20507","21997","http://www.pixiv.net/member_illust.php?mode=medium&illust_id=46718638"
"46775","25809","http://www.pixiv.net/member_illust.php?mode=medium&illust_id=46732642"
"30195","23926","http://www.pixiv.net/member_illust.php?mode=medium&illust_id=46721599"
"27040","24667","http://www.pixiv.net/member_illust.php?mode=medium&illust_id=46714269"
"19444","21135","http://www.pixiv.net/member_illust.php?mode=medium&illust_id=46713513"
"124169","74811","http://www.pixiv.net/member_illust.php?mode=medium&illust_id=46727293"
"14817","15592","http://www.pixiv.net/member_illust.php?mode=medium&illust_id=46719579"
"31428","26879","http://www.pixiv.net/member_illust.php?mode=medium&illust_id=46732149"
"40235","29260","http://www.pixiv.net/member_illust.php?mode=medium&illust_id=46719611"
"17575","14620","http://www.pixiv.net/member_illust.php?mode=medium&illust_id=46725792"
"21528","14158","http://www.pixiv.net/member_illust.php?mode=medium&illust_id=46713475"
"25948","18034","http://www.pixiv.net/member_illust.php?mode=medium&illust_id=46715381"
"174541","112390","http://www.pixiv.net/member_illust.php?mode=medium&illust_id=46734725"
"37662","23595","http://www.pixiv.net/member_illust.php?mode=medium&illust_id=46738608"
"80172","52858","http://www.pixiv.net/member_illust.php?mode=medium&illust_id=46736336"
"24080","25420","http://www.pixiv.net/member_illust.php?mode=medium&illust_id=46740008"
"15715","15381","http://www.pixiv.net/member_illust.php?mode=medium&illust_id=46729526"
"88181","54848","http://www.pixiv.net/member_illust.php?mode=medium&illust_id=46734292"
"29548","15287","http://www.pixiv.net/member_illust.php?mode=medium&illust_id=46720627"
"44339","33849","http://www.pixiv.net/member_illust.php?mode=medium&illust_id=46742912"
"14347","14177","http://www.pixiv.net/member_illust.php?mode=medium&illust_id=46713382"
"13916","11128","http://www.pixiv.net/member_illust.php?mode=medium&illust_id=46713974"
"18503","13077","http://www.pixiv.net/member_illust.php?mode=medium&illust_id=46713568"
"12102","12100","http://www.pixiv.net/member_illust.php?mode=medium&illust_id=46713404"
"19518","13563","http://www.pixiv.net/member_illust.php?mode=medium&illust_id=46722939"
"61743","36058","http://www.pixiv.net/member_illust.php?mode=medium&illust_id=46731042"
"19035","11362","http://www.pixiv.net/member_illust.php?mode=medium&illust_id=46721212"
"21926","15221","http://www.pixiv.net/member_illust.php?mode=medium&illust_id=46713429"
"18601","12457","http://www.pixiv.net/member_illust.php?mode=medium&illust_id=46739443"
"36842","19425","http://www.pixiv.net/member_illust.php?mode=medium&illust_id=46720207"
"24886","13864","http://www.pixiv.net/member_illust.php?mode=medium&illust_id=46732735"
"22586","15289","http://www.pixiv.net/member_illust.php?mode=medium&illust_id=46740459"
"8447","10207","http://www.pixiv.net/member_illust.php?mode=medium&illust_id=46723220"
"8556","9072","http://www.pixiv.net/member_illust.php?mode=medium&illust_id=46720362"
"16210","12324","http://www.pixiv.net/member_illust.php?mode=medium&illust_id=46720594"
"14501","9905","http://www.pixiv.net/member_illust.php?mode=medium&illust_id=46713478"
"24077","17999","http://www.pixiv.net/member_illust.php?mode=medium&illust_id=46717924"
"28410","18155","http://www.pixiv.net/member_illust.php?mode=medium&illust_id=46738968"
"15217","16616","http://www.pixiv.net/member_illust.php?mode=medium&illust_id=46732586"
"82796","63913","http://www.pixiv.net/member_illust.php?mode=medium&illust_id=46736519"
"88183","54848","http://www.pixiv.net/member_illust.php?mode=medium&illust_id=46734292"
"80177","52858","http://www.pixiv.net/member_illust.php?mode=medium&illust_id=46736336"
"46776","25809","http://www.pixiv.net/member_illust.php?mode=medium&illust_id=46732642"
"24082","25420","http://www.pixiv.net/member_illust.php?mode=medium&illust_id=46740008"
"174547","112390","http://www.pixiv.net/member_illust.php?mode=medium&illust_id=46734725"
"44340","33849","http://www.pixiv.net/member_illust.php?mode=medium&illust_id=46742912"
"31429","26879","http://www.pixiv.net/member_illust.php?mode=medium&illust_id=46732149"
"23733","24290","http://www.pixiv.net/member_illust.php?mode=medium&illust_id=46739053"
"22587","15289","http://www.pixiv.net/member_illust.php?mode=medium&illust_id=46740459"
"79012","45348","http://www.pixiv.net/member_illust.php?mode=medium&illust_id=46741407"
"94134","38217","http://www.pixiv.net/member_illust.php?mode=medium&illust_id=46755965"
"17840","16240","http://www.pixiv.net/member_illust.php?mode=medium&illust_id=46738430"
"15218","16616","http://www.pixiv.net/member_illust.php?mode=medium&illust_id=46732586"
"22280","23343","http://www.pixiv.net/member_illust.php?mode=medium&illust_id=46732005"
"21095","18411","http://www.pixiv.net/member_illust.php?mode=medium&illust_id=46731768"
"16137","12755","http://www.pixiv.net/member_illust.php?mode=medium&illust_id=46742077"
"18565","14900","http://www.pixiv.net/member_illust.php?mode=medium&illust_id=46741774"
"37668","23595","http://www.pixiv.net/member_illust.php?mode=medium&illust_id=46738608"
"12950","11210","http://www.pixiv.net/member_illust.php?mode=medium&illust_id=46741572"
"14521","17487","http://www.pixiv.net/member_illust.php?mode=medium&illust_id=46741149"
"11261","10626","http://www.pixiv.net/member_illust.php?mode=medium&illust_id=46743301"
"24887","13864","http://www.pixiv.net/member_illust.php?mode=medium&illust_id=46732735"
"18603","12457","http://www.pixiv.net/member_illust.php?mode=medium&illust_id=46739443"
"19909","22616","http://www.pixiv.net/member_illust.php?mode=medium&illust_id=46732868"
"28411","18155","http://www.pixiv.net/member_illust.php?mode=medium&illust_id=46738968"
"59672","49740","http://www.pixiv.net/member_illust.php?mode=medium&illust_id=46753422"
"54718","33916","http://www.pixiv.net/member_illust.php?mode=medium&illust_id=46734066"
"11830","10569","http://www.pixiv.net/member_illust.php?mode=medium&illust_id=46747058"
"30918","26105","http://www.pixiv.net/member_illust.php?mode=medium&illust_id=46757730"
"16826","24596","http://www.pixiv.net/member_illust.php?mode=medium&illust_id=46749770"
"16995","12390","http://www.pixiv.net/member_illust.php?mode=medium&illust_id=46731586"
"65067","53313","http://www.pixiv.net/member_illust.php?mode=medium&illust_id=46754244"
"23164","16073","http://www.pixiv.net/member_illust.php?mode=medium&illust_id=46745035"
"9679","12227","http://www.pixiv.net/member_illust.php?mode=medium&illust_id=46731495"
"21088","10249","http://www.pixiv.net/member_illust.php?mode=medium&illust_id=46733360"
"11621","11183","http://www.pixiv.net/member_illust.php?mode=medium&illust_id=46745130"
"12291","10930","http://www.pixiv.net/member_illust.php?mode=medium&illust_id=46743654"
"10252","9310","http://www.pixiv.net/member_illust.php?mode=medium&illust_id=46741661"
"14195","13200","http://www.pixiv.net/member_illust.php?mode=medium&illust_id=46752541"
"9781","8323","http://www.pixiv.net/member_illust.php?mode=medium&illust_id=46732908"
"24885","22453","http://www.pixiv.net/member_illust.php?mode=medium&illust_id=46754497"
"21172","10936","http://www.pixiv.net/member_illust.php?mode=medium&illust_id=46759559"
"18295","14798","http://www.pixiv.net/member_illust.php?mode=medium&illust_id=46746063"
"11743","10817","http://www.pixiv.net/member_illust.php?mode=medium&illust_id=46731925"
"59674","49740","http://www.pixiv.net/member_illust.php?mode=medium&illust_id=46753422"
"94141","38227","http://www.pixiv.net/member_illust.php?mode=medium&illust_id=46755965"
"30919","26105","http://www.pixiv.net/member_illust.php?mode=medium&illust_id=46757730"
"23733","17866","http://www.pixiv.net/member_illust.php?mode=medium&illust_id=46754984"
"64597","46017","http://www.pixiv.net/member_illust.php?mode=medium&illust_id=46768442"
"18050","16728","http://www.pixiv.net/member_illust.php?mode=medium&illust_id=46764523"
"153879","62670","http://www.pixiv.net/member_illust.php?mode=medium&illust_id=46774767"
"24132","23561","http://www.pixiv.net/member_illust.php?mode=medium&illust_id=46766123"
"14196","13200","http://www.pixiv.net/member_illust.php?mode=medium&illust_id=46752541"
"24886","22453","http://www.pixiv.net/member_illust.php?mode=medium&illust_id=46754497"
"14486","12870","http://www.pixiv.net/member_illust.php?mode=medium&illust_id=46753373"
"107925","71873","http://www.pixiv.net/member_illust.php?mode=medium&illust_id=46767727"
"23556","20620","http://www.pixiv.net/member_illust.php?mode=medium&illust_id=46772178"
"21652","20040","http://www.pixiv.net/member_illust.php?mode=medium&illust_id=46762441"
"16728","12310","http://www.pixiv.net/member_illust.php?mode=medium&illust_id=46756966"
"27523","24984","http://www.pixiv.net/member_illust.php?mode=medium&illust_id=46768131"
"14786","10746","http://www.pixiv.net/member_illust.php?mode=medium&illust_id=46762317"
"68454","40128","http://www.pixiv.net/member_illust.php?mode=medium&illust_id=46767417"
"28033","15982","http://www.pixiv.net/member_illust.php?mode=medium&illust_id=46768521"
"11887","9879","http://www.pixiv.net/member_illust.php?mode=medium&illust_id=46762167"
"53144","33901","http://www.pixiv.net/member_illust.php?mode=medium&illust_id=46758565"
"121453","32650","http://www.pixiv.net/member_illust.php?mode=medium&illust_id=46764015"
"12008","8354","http://www.pixiv.net/member_illust.php?mode=medium&illust_id=46752555"
"53328","45476","http://www.pixiv.net/member_illust.php?mode=medium&illust_id=46778544"
"8797","9206","http://www.pixiv.net/member_illust.php?mode=medium&illust_id=46752909"
"21174","10936","http://www.pixiv.net/member_illust.php?mode=medium&illust_id=46759559"
"25664","14934","http://www.pixiv.net/member_illust.php?mode=medium&illust_id=46767676"
"136341","65257","http://www.pixiv.net/member_illust.php?mode=medium&illust_id=46780524"
"19006","9754","http://www.pixiv.net/member_illust.php?mode=medium&illust_id=46763025"
"53741","26777","http://www.pixiv.net/member_illust.php?mode=medium&illust_id=46769038"
"12956","13240","http://www.pixiv.net/member_illust.php?mode=medium&illust_id=46763434"
"25330","12510","http://www.pixiv.net/member_illust.php?mode=medium&illust_id=46754763"
"39641","15232","http://www.pixiv.net/member_illust.php?mode=medium&illust_id=46758310"
"10991","10479","http://www.pixiv.net/member_illust.php?mode=medium&illust_id=46755457"
"20562","18761","http://www.pixiv.net/member_illust.php?mode=medium&illust_id=46767935"
"17242","15536","http://www.pixiv.net/member_illust.php?mode=medium&illust_id=46768050"
"17485","13612","http://www.pixiv.net/member_illust.php?mode=medium&illust_id=46758567"
"11679","10677","http://www.pixiv.net/member_illust.php?mode=medium&illust_id=46775076"
"15001","10007","http://www.pixiv.net/member_illust.php?mode=medium&illust_id=46767971"
"38276","17196","http://www.pixiv.net/member_illust.php?mode=medium&illust_id=46767608"
"11563","8268","http://www.pixiv.net/member_illust.php?mode=medium&illust_id=46752519"
"10056","9157","http://www.pixiv.net/member_illust.php?mode=medium&illust_id=46753235"
"10642","9402","http://www.pixiv.net/member_illust.php?mode=medium&illust_id=46752398"
"12359","8277","http://www.pixiv.net/member_illust.php?mode=medium&illust_id=46761188"
"8291","6800","http://www.pixiv.net/member_illust.php?mode=medium&illust_id=46767258"
"35485","19880","http://www.pixiv.net/member_illust.php?mode=medium&illust_id=46772238"
"13400","12303","http://www.pixiv.net/member_illust.php?mode=medium&illust_id=46777901"
"9116","6653","http://www.pixiv.net/member_illust.php?mode=medium&illust_id=46755428"
"107928","71873","http://www.pixiv.net/member_illust.php?mode=medium&illust_id=46767727"
"99910","72676","http://www.pixiv.net/member_illust.php?mode=medium&illust_id=46784347"
"27524","24984","http://www.pixiv.net/member_illust.php?mode=medium&illust_id=46768131"
"53329","45476","http://www.pixiv.net/member_illust.php?mode=medium&illust_id=46778544"
"20565","18761","http://www.pixiv.net/member_illust.php?mode=medium&illust_id=46767935"
"74436","59427","http://www.pixiv.net/member_illust.php?mode=medium&illust_id=46783023"
"136497","65277","http://www.pixiv.net/member_illust.php?mode=medium&illust_id=46780524"
"23557","20620","http://www.pixiv.net/member_illust.php?mode=medium&illust_id=46772178"
"28034","15982","http://www.pixiv.net/member_illust.php?mode=medium&illust_id=46768521"
"16383","16688","http://www.pixiv.net/member_illust.php?mode=medium&illust_id=46768067"
"11683","10677","http://www.pixiv.net/member_illust.php?mode=medium&illust_id=46775076"
"13397","12293","http://www.pixiv.net/member_illust.php?mode=medium&illust_id=46777901"
"17244","15536","http://www.pixiv.net/member_illust.php?mode=medium&illust_id=46768050"
"14806","11445","http://www.pixiv.net/member_illust.php?mode=medium&illust_id=46768765"
"15002","10007","http://www.pixiv.net/member_illust.php?mode=medium&illust_id=46767971"
"35367","19262","http://www.pixiv.net/member_illust.php?mode=medium&illust_id=46774804"
"24466","19010","http://www.pixiv.net/member_illust.php?mode=medium&illust_id=46786580"
"53744","26777","http://www.pixiv.net/member_illust.php?mode=medium&illust_id=46769038"
"19902","19459","http://www.pixiv.net/member_illust.php?mode=medium&illust_id=46789228"
"12085","10231","http://www.pixiv.net/member_illust.php?mode=medium&illust_id=46778433"
"25385","24265","http://www.pixiv.net/member_illust.php?mode=medium&illust_id=46784839"
"38232","31116","http://www.pixiv.net/member_illust.php?mode=medium&illust_id=46790061"
"18392","19962","http://www.pixiv.net/member_illust.php?mode=medium&illust_id=46782406"
"26205","14617","http://www.pixiv.net/member_illust.php?mode=medium&illust_id=46783898"
"11642","10794","http://www.pixiv.net/member_illust.php?mode=medium&illust_id=46773151"
"26113","18180","http://www.pixiv.net/member_illust.php?mode=medium&illust_id=46784142"
"24947","24879","http://www.pixiv.net/member_illust.php?mode=medium&illust_id=46792061"
"6764","6761","http://www.pixiv.net/member_illust.php?mode=medium&illust_id=46773592"
"10141","7336","http://www.pixiv.net/member_illust.php?mode=medium&illust_id=46778212"
"18738","20639","http://www.pixiv.net/member_illust.php?mode=medium&illust_id=46782393"
"13196","9592","http://www.pixiv.net/member_illust.php?mode=medium&illust_id=46772017"
"39269","19416","http://www.pixiv.net/member_illust.php?mode=medium&illust_id=46768673"
"15312","10426","http://www.pixiv.net/member_illust.php?mode=medium&illust_id=46767847"
"12912","9036","http://www.pixiv.net/member_illust.php?mode=medium&illust_id=46771771"
"9189","7013","http://www.pixiv.net/member_illust.php?mode=medium&illust_id=46769426"
"7988","9800","http://www.pixiv.net/member_illust.php?mode=medium&illust_id=46768687"
"13066","11236","http://www.pixiv.net/member_illust.php?mode=medium&illust_id=46768003"
"24289","10508","http://www.pixiv.net/member_illust.php?mode=medium&illust_id=46785918"
"10739","10102","http://www.pixiv.net/member_illust.php?mode=medium&illust_id=46788516"
"24651","21333","http://www.pixiv.net/member_illust.php?mode=medium&illust_id=46782997"
"9410","7012","http://www.pixiv.net/member_illust.php?mode=medium&illust_id=46778061"
"12364","9282","http://www.pixiv.net/member_illust.php?mode=medium&illust_id=46781804"
"99929","72676","http://www.pixiv.net/member_illust.php?mode=medium&illust_id=46784347"
"74414","59427","http://www.pixiv.net/member_illust.php?mode=medium&illust_id=46783023"
"38233","31126","http://www.pixiv.net/member_illust.php?mode=medium&illust_id=46790061"
"18396","19962","http://www.pixiv.net/member_illust.php?mode=medium&illust_id=46782406"
"25393","24265","http://www.pixiv.net/member_illust.php?mode=medium&illust_id=46784839"
"24645","21333","http://www.pixiv.net/member_illust.php?mode=medium&illust_id=46782997"
"24948","24879","http://www.pixiv.net/member_illust.php?mode=medium&illust_id=46792061"
"19906","19459","http://www.pixiv.net/member_illust.php?mode=medium&illust_id=46789228"
"22440","19488","http://www.pixiv.net/member_illust.php?mode=medium&illust_id=46781867"
"22447","20353","http://www.pixiv.net/member_illust.php?mode=medium&illust_id=46784593"
"53782","43350","http://www.pixiv.net/member_illust.php?mode=medium&illust_id=46804452"
"13514","15347","http://www.pixiv.net/member_illust.php?mode=medium&illust_id=46781869"
"17094","15965","http://www.pixiv.net/member_illust.php?mode=medium&illust_id=46782306"
"15060","13089","http://www.pixiv.net/member_illust.php?mode=medium&illust_id=46782514"
"24468","19010","http://www.pixiv.net/member_illust.php?mode=medium&illust_id=46786580"
"14636","13641","http://www.pixiv.net/member_illust.php?mode=medium&illust_id=46790570"
"18739","20639","http://www.pixiv.net/member_illust.php?mode=medium&illust_id=46782393"
"20350","16812","http://www.pixiv.net/member_illust.php?mode=medium&illust_id=46791177"
"73023","48768","http://www.pixiv.net/member_illust.php?mode=medium&illust_id=46805158"
"32887","22484","http://www.pixiv.net/member_illust.php?mode=medium&illust_id=46799182"
"67211","48149","http://www.pixiv.net/member_illust.php?mode=medium&illust_id=46798005"
"11522","10529","http://www.pixiv.net/member_illust.php?mode=medium&illust_id=46790566"
"10740","10102","http://www.pixiv.net/member_illust.php?mode=medium&illust_id=46788516"
"12623","12740","http://www.pixiv.net/member_illust.php?mode=medium&illust_id=46785648"
"53981","38913","http://www.pixiv.net/member_illust.php?mode=medium&illust_id=46790132"
"16245","13362","http://www.pixiv.net/member_illust.php?mode=medium&illust_id=46782000"
"16539","13427","http://www.pixiv.net/member_illust.php?mode=medium&illust_id=46789471"
"11039","8608","http://www.pixiv.net/member_illust.php?mode=medium&illust_id=46785947"
"26116","18180","http://www.pixiv.net/member_illust.php?mode=medium&illust_id=46784142"
"23319","16518","http://www.pixiv.net/member_illust.php?mode=medium&illust_id=46802441"
"14773","12940","http://www.pixiv.net/member_illust.php?mode=medium&illust_id=46782158"
"14141","10466","http://www.pixiv.net/member_illust.php?mode=medium&illust_id=46790429"
"10888","10531","http://www.pixiv.net/member_illust.php?mode=medium&illust_id=46794784"
"32264","21397","http://www.pixiv.net/member_illust.php?mode=medium&illust_id=46803371"
"28166","23520","http://www.pixiv.net/member_illust.php?mode=medium&illust_id=46795820"
"27140","14759","http://www.pixiv.net/member_illust.php?mode=medium&illust_id=46798886"
"12365","9282","http://www.pixiv.net/member_illust.php?mode=medium&illust_id=46781804"
"19978","17819","http://www.pixiv.net/member_illust.php?mode=medium&illust_id=46795840"
"12368","8806","http://www.pixiv.net/member_illust.php?mode=medium&illust_id=46783295"
"7891","7856","http://www.pixiv.net/member_illust.php?mode=medium&illust_id=46794284"
"11393","9286","http://www.pixiv.net/member_illust.php?mode=medium&illust_id=46786880"
"30891","23859","http://www.pixiv.net/member_illust.php?mode=medium&illust_id=46805306"
"23523","15980","http://www.pixiv.net/member_illust.php?mode=medium&illust_id=46789201"
"23059","11940","http://www.pixiv.net/member_illust.php?mode=medium&illust_id=46783811"
"19658","17129","http://www.pixiv.net/member_illust.php?mode=medium&illust_id=46806194"
"16907","14049","http://www.pixiv.net/member_illust.php?mode=medium&illust_id=46796190"
"67647","52470","http://www.pixiv.net/member_illust.php?mode=medium&illust_id=46820676"
"115794","76328","http://www.pixiv.net/member_illust.php?mode=medium&illust_id=46833706"
"62309","43703","http://www.pixiv.net/member_illust.php?mode=medium&illust_id=46811645"
"20198","21274","http://www.pixiv.net/member_illust.php?mode=medium&illust_id=46821932"
"24859","23203","http://www.pixiv.net/member_illust.php?mode=medium&illust_id=46816270"
"22911","23116","http://www.pixiv.net/member_illust.php?mode=medium&illust_id=46812020"
"18571","18945","http://www.pixiv.net/member_illust.php?mode=medium&illust_id=46820036"
"25856","20627","http://www.pixiv.net/member_illust.php?mode=medium&illust_id=46820355"
"129480","91158","http://www.pixiv.net/member_illust.php?mode=medium&illust_id=46849031"
"24202","19481","http://www.pixiv.net/member_illust.php?mode=medium&illust_id=46812216"
"16942","16631","http://www.pixiv.net/member_illust.php?mode=medium&illust_id=46831736"
"24858","21050","http://www.pixiv.net/member_illust.php?mode=medium&illust_id=46822964"
"56969","46597","http://www.pixiv.net/member_illust.php?mode=medium&illust_id=46847981"
"19659","18879","http://www.pixiv.net/member_illust.php?mode=medium&illust_id=46814076"
"31231","19538","http://www.pixiv.net/member_illust.php?mode=medium&illust_id=46818348"
"23739","21826","http://www.pixiv.net/member_illust.php?mode=medium&illust_id=46818234"
"17322","16727","http://www.pixiv.net/member_illust.php?mode=medium&illust_id=46834235"
"43541","36617","http://www.pixiv.net/member_illust.php?mode=medium&illust_id=46843033"
"14605","11825","http://www.pixiv.net/member_illust.php?mode=medium&illust_id=46811556"
"28466","20220","http://www.pixiv.net/member_illust.php?mode=medium&illust_id=46829078"
"31319","29919","http://www.pixiv.net/member_illust.php?mode=medium&illust_id=46840216"
"10175","10357","http://www.pixiv.net/member_illust.php?mode=medium&illust_id=46819603"
"13787","13899","http://www.pixiv.net/member_illust.php?mode=medium&illust_id=46838370"
"12306","13369","http://www.pixiv.net/member_illust.php?mode=medium&illust_id=46843611"
"28980","26807","http://www.pixiv.net/member_illust.php?mode=medium&illust_id=46843745"
"23184","22705","http://www.pixiv.net/member_illust.php?mode=medium&illust_id=46839247"
"20051","13697","http://www.pixiv.net/member_illust.php?mode=medium&illust_id=46813477"
"16915","11830","http://www.pixiv.net/member_illust.php?mode=medium&illust_id=46814308"
"10224","9968","http://www.pixiv.net/member_illust.php?mode=medium&illust_id=46825887"
"9193","10040","http://www.pixiv.net/member_illust.php?mode=medium&illust_id=46811465"
"26478","21870","http://www.pixiv.net/member_illust.php?mode=medium&illust_id=46849383"
"24096","17286","http://www.pixiv.net/member_illust.php?mode=medium&illust_id=46829434"
"11494","10421","http://www.pixiv.net/member_illust.php?mode=medium&illust_id=46813754"
"10258","10899","http://www.pixiv.net/member_illust.php?mode=medium&illust_id=46812105"
"9170","11500","http://www.pixiv.net/member_illust.php?mode=medium&illust_id=46827323"
"75387","23922","http://www.pixiv.net/member_illust.php?mode=medium&illust_id=46815562"
"27224","16325","http://www.pixiv.net/member_illust.php?mode=medium&illust_id=46811844"
"21157","14158","http://www.pixiv.net/member_illust.php?mode=medium&illust_id=46834728"
"9056","9356","http://www.pixiv.net/member_illust.php?mode=medium&illust_id=46833036"
"16958","17529","http://www.pixiv.net/member_illust.php?mode=medium&illust_id=46837072"
"12244","10928","http://www.pixiv.net/member_illust.php?mode=medium&illust_id=46815200"
"21351","12947","http://www.pixiv.net/member_illust.php?mode=medium&illust_id=46812001"
"15346","11546","http://www.pixiv.net/member_illust.php?mode=medium&illust_id=46811669"
"164012","158828","http://www.pixiv.net/member_illust.php?mode=medium&illust_id=46861162"
"43545","36617","http://www.pixiv.net/member_illust.php?mode=medium&illust_id=46843033"
"47837","40714","http://www.pixiv.net/member_illust.php?mode=medium&illust_id=46839740"
"56975","46597","http://www.pixiv.net/member_illust.php?mode=medium&illust_id=46847981"
"26479","21870","http://www.pixiv.net/member_illust.php?mode=medium&illust_id=46849383"
"37414","25775","http://www.pixiv.net/member_illust.php?mode=medium&illust_id=46841555"
"23186","22705","http://www.pixiv.net/member_illust.php?mode=medium&illust_id=46839247"
"12308","13369","http://www.pixiv.net/member_illust.php?mode=medium&illust_id=46843611"
"64292","54336","http://www.pixiv.net/member_illust.php?mode=medium&illust_id=46861577"
"31321","29919","http://www.pixiv.net/member_illust.php?mode=medium&illust_id=46840216"
"50872","37180","http://www.pixiv.net/member_illust.php?mode=medium&illust_id=46859415"
"27216","26785","http://www.pixiv.net/member_illust.php?mode=medium&illust_id=46867768"
"15668","19110","http://www.pixiv.net/member_illust.php?mode=medium&illust_id=46838577"
"13790","13899","http://www.pixiv.net/member_illust.php?mode=medium&illust_id=46838370"
"15484","13733","http://www.pixiv.net/member_illust.php?mode=medium&illust_id=46855269"
"15598","12271","http://www.pixiv.net/member_illust.php?mode=medium&illust_id=46852517"
"7380","8197","http://www.pixiv.net/member_illust.php?mode=medium&illust_id=46840996"
"10753","10337","http://www.pixiv.net/member_illust.php?mode=medium&illust_id=46857205"
"94868","54802","http://www.pixiv.net/member_illust.php?mode=medium&illust_id=46838807"
"18620","15599","http://www.pixiv.net/member_illust.php?mode=medium&illust_id=46853505"
"8954","7258","http://www.pixiv.net/member_illust.php?mode=medium&illust_id=46838698"
"36397","21955","http://www.pixiv.net/member_illust.php?mode=medium&illust_id=46868926"
"6303","6784","http://www.pixiv.net/member_illust.php?mode=medium&illust_id=46840530"
"7711","6880","http://www.pixiv.net/member_illust.php?mode=medium&illust_id=46838331"
"11941","10170","http://www.pixiv.net/member_illust.php?mode=medium&illust_id=46852816"
"18192","11910","http://www.pixiv.net/member_illust.php?mode=medium&illust_id=46851468"
"9865","9034","http://www.pixiv.net/member_illust.php?mode=medium&illust_id=46842734"
"31856","25056","http://www.pixiv.net/member_illust.php?mode=medium&illust_id=46869565"
"49875","39702","http://www.pixiv.net/member_illust.php?mode=medium&illust_id=46863279"
"6991","6503","http://www.pixiv.net/member_illust.php?mode=medium&illust_id=46851018"
"9122","7626","http://www.pixiv.net/member_illust.php?mode=medium&illust_id=46843199"
"14938","10428","http://www.pixiv.net/member_illust.php?mode=medium&illust_id=46857459"
"19444","14100","http://www.pixiv.net/member_illust.php?mode=medium&illust_id=46856454"
"11160","11840","http://www.pixiv.net/member_illust.php?mode=medium&illust_id=46861069"
"18299","15879","http://www.pixiv.net/member_illust.php?mode=medium&illust_id=46865486"
"5449","5416","http://www.pixiv.net/member_illust.php?mode=medium&illust_id=46847449"
"9929","7246","http://www.pixiv.net/member_illust.php?mode=medium&illust_id=46848328"
"24269","23639","http://www.pixiv.net/member_illust.php?mode=medium&illust_id=46853881"
"9476","8774","http://www.pixiv.net/member_illust.php?mode=medium&illust_id=46842108"
"8010","8208","http://www.pixiv.net/member_illust.php?mode=medium&illust_id=46853071"
"18178","10755","http://www.pixiv.net/member_illust.php?mode=medium&illust_id=46856334"
"9718","9480","http://www.pixiv.net/member_illust.php?mode=medium&illust_id=46857664"
"9777","8237","http://www.pixiv.net/member_illust.php?mode=medium&illust_id=46858357"
"9254","8065","http://www.pixiv.net/member_illust.php?mode=medium&illust_id=46851971"
"164020","158828","http://www.pixiv.net/member_illust.php?mode=medium&illust_id=46861162"
"64295","54336","http://www.pixiv.net/member_illust.php?mode=medium&illust_id=46861577"
"38220","33576","http://www.pixiv.net/member_illust.php?mode=medium&illust_id=46868008"
"27219","26785","http://www.pixiv.net/member_illust.php?mode=medium&illust_id=46867768"
"47046","37055","http://www.pixiv.net/member_illust.php?mode=medium&illust_id=46863484"
"31856","25056","http://www.pixiv.net/member_illust.php?mode=medium&illust_id=46869565"
"19353","20530","http://www.pixiv.net/member_illust.php?mode=medium&illust_id=46877178"
"49876","39702","http://www.pixiv.net/member_illust.php?mode=medium&illust_id=46863279"
"68072","50020","http://www.pixiv.net/member_illust.php?mode=medium&illust_id=46883480"
"20478","14010","http://www.pixiv.net/member_illust.php?mode=medium&illust_id=46878938"
"18301","15879","http://www.pixiv.net/member_illust.php?mode=medium&illust_id=46865486"
"19912","15350","http://www.pixiv.net/member_illust.php?mode=medium&illust_id=46863128"
"53163","44285","http://www.pixiv.net/member_illust.php?mode=medium&illust_id=46894517"
"11162","11840","http://www.pixiv.net/member_illust.php?mode=medium&illust_id=46861069"
"19330","14275","http://www.pixiv.net/member_illust.php?mode=medium&illust_id=46875355"
"29241","13477","http://www.pixiv.net/member_illust.php?mode=medium&illust_id=46883531"
"40843","27637","http://www.pixiv.net/member_illust.php?mode=medium&illust_id=46881388"
"14863","13061","http://www.pixiv.net/member_illust.php?mode=medium&illust_id=46890839"
"14456","13791","http://www.pixiv.net/member_illust.php?mode=medium&illust_id=46883006"
"36408","21955","http://www.pixiv.net/member_illust.php?mode=medium&illust_id=46868926"
"12318","9402","http://www.pixiv.net/member_illust.php?mode=medium&illust_id=46868057"
"24358","19076","http://www.pixiv.net/member_illust.php?mode=medium&illust_id=46865894"
"12842","10550","http://www.pixiv.net/member_illust.php?mode=medium&illust_id=46883757"
"23539","20359","http://www.pixiv.net/member_illust.php?mode=medium&illust_id=46898467"
"79419","48566","http://www.pixiv.net/member_illust.php?mode=medium&illust_id=46902217"
"22284","18421","http://www.pixiv.net/member_illust.php?mode=medium&illust_id=46882918"
"32612","28489","http://www.pixiv.net/member_illust.php?mode=medium&illust_id=46885094"
"11145","11116","http://www.pixiv.net/member_illust.php?mode=medium&illust_id=46883248"
"10887","7855","http://www.pixiv.net/member_illust.php?mode=medium&illust_id=46862015"
"6935","6091","http://www.pixiv.net/member_illust.php?mode=medium&illust_id=46862013"
"5054","4732","http://www.pixiv.net/member_illust.php?mode=medium&illust_id=46864096"
"8829","8675","http://www.pixiv.net/member_illust.php?mode=medium&illust_id=46866391"
"12809","8475","http://www.pixiv.net/member_illust.php?mode=medium&illust_id=46870164"
"12157","7954","http://www.pixiv.net/member_illust.php?mode=medium&illust_id=46865342"
"29561","18234","http://www.pixiv.net/member_illust.php?mode=medium&illust_id=46895297"
"12251","11083","http://www.pixiv.net/member_illust.php?mode=medium&illust_id=46888153"
"15849","12246","http://www.pixiv.net/member_illust.php?mode=medium&illust_id=46885352"
"7872","9407","http://www.pixiv.net/member_illust.php?mode=medium&illust_id=46869666"
"11881","9536","http://www.pixiv.net/member_illust.php?mode=medium&illust_id=46887724"
"9959","10133","http://www.pixiv.net/member_illust.php?mode=medium&illust_id=46884233"
"6102","5629","http://www.pixiv.net/member_illust.php?mode=medium&illust_id=46861693"
"30371","21211","http://www.pixiv.net/member_illust.php?mode=medium&illust_id=46878908"
"11695","7242","http://www.pixiv.net/member_illust.php?mode=medium&illust_id=46880447"
"5523","4578","http://www.pixiv.net/member_illust.php?mode=medium&illust_id=46873778"
"8466","7413","http://www.pixiv.net/member_illust.php?mode=medium&illust_id=46862011"
"79432","48566","http://www.pixiv.net/member_illust.php?mode=medium&illust_id=46902217"
"53164","44285","http://www.pixiv.net/member_illust.php?mode=medium&illust_id=46894517"
"68075","50020","http://www.pixiv.net/member_illust.php?mode=medium&illust_id=46883480"
"66201","56815","http://www.pixiv.net/member_illust.php?mode=medium&illust_id=46905476"
"26951","23269","http://www.pixiv.net/member_illust.php?mode=medium&illust_id=46890055"
"45915","45424","http://www.pixiv.net/member_illust.php?mode=medium&illust_id=46893627"
"32614","28489","http://www.pixiv.net/member_illust.php?mode=medium&illust_id=46885094"
"20495","17871","http://www.pixiv.net/member_illust.php?mode=medium&illust_id=46884799"
"23541","20359","http://www.pixiv.net/member_illust.php?mode=medium&illust_id=46898467"
"29563","18234","http://www.pixiv.net/member_illust.php?mode=medium&illust_id=46895297"
"22287","18421","http://www.pixiv.net/member_illust.php?mode=medium&illust_id=46882918"
"27379","15060","http://www.pixiv.net/member_illust.php?mode=medium&illust_id=46884701"
"28105","19924","http://www.pixiv.net/member_illust.php?mode=medium&illust_id=46904137"
"62807","53300","http://www.pixiv.net/member_illust.php?mode=medium&illust_id=46913415"
"23097","13186","http://www.pixiv.net/member_illust.php?mode=medium&illust_id=46889460"
"14177","12433","http://www.pixiv.net/member_illust.php?mode=medium&illust_id=46883491"
"13118","12169","http://www.pixiv.net/member_illust.php?mode=medium&illust_id=46884735"
"18394","11893","http://www.pixiv.net/member_illust.php?mode=medium&illust_id=46898915"
"15851","12246","http://www.pixiv.net/member_illust.php?mode=medium&illust_id=46885352"
"11287","10064","http://www.pixiv.net/member_illust.php?mode=medium&illust_id=46883493"
"9549","10164","http://www.pixiv.net/member_illust.php?mode=medium&illust_id=46896394"
"12253","11093","http://www.pixiv.net/member_illust.php?mode=medium&illust_id=46888153"
"13387","13781","http://www.pixiv.net/member_illust.php?mode=medium&illust_id=46892086"
"26493","22658","http://www.pixiv.net/member_illust.php?mode=medium&illust_id=46913495"
"54633","35210","http://www.pixiv.net/member_illust.php?mode=medium&illust_id=46912680"
"9905","8662","http://www.pixiv.net/member_illust.php?mode=medium&illust_id=46884332"
"24130","27548","http://www.pixiv.net/member_illust.php?mode=medium&illust_id=46906400"
"11884","9536","http://www.pixiv.net/member_illust.php?mode=medium&illust_id=46887724"
"12947","9783","http://www.pixiv.net/member_illust.php?mode=medium&illust_id=46909040"
"5654","6194","http://www.pixiv.net/member_illust.php?mode=medium&illust_id=46889528"
"21154","18365","http://www.pixiv.net/member_illust.php?mode=medium&illust_id=46911108"
"9428","7000","http://www.pixiv.net/member_illust.php?mode=medium&illust_id=46883335"
"9390","7056","http://www.pixiv.net/member_illust.php?mode=medium&illust_id=46898408"
"10604","10623","http://www.pixiv.net/member_illust.php?mode=medium&illust_id=46885624"
"59033","33720","http://www.pixiv.net/member_illust.php?mode=medium&illust_id=46899424"
"28638","11919","http://www.pixiv.net/member_illust.php?mode=medium&illust_id=46915169"
"11159","12229","http://www.pixiv.net/member_illust.php?mode=medium&illust_id=46882784"
"11251","8895","http://www.pixiv.net/member_illust.php?mode=medium&illust_id=46902107"
"27248","17319","http://www.pixiv.net/member_illust.php?mode=medium&illust_id=46883005"
"66741","40373","http://www.pixiv.net/member_illust.php?mode=medium&illust_id=46916285"
"8635","8548","http://www.pixiv.net/member_illust.php?mode=medium&illust_id=46902936"
"9569","7747","http://www.pixiv.net/member_illust.php?mode=medium&illust_id=46901723"
"66204","56815","http://www.pixiv.net/member_illust.php?mode=medium&illust_id=46905476"
"58103","43923","http://www.pixiv.net/member_illust.php?mode=medium&illust_id=46905105"
"60852","49396","http://www.pixiv.net/member_illust.php?mode=medium&illust_id=46913688"
"24131","27548","http://www.pixiv.net/member_illust.php?mode=medium&illust_id=46906400"
"81585","70024","http://www.pixiv.net/member_illust.php?mode=medium&illust_id=46920340"
"26495","22658","http://www.pixiv.net/member_illust.php?mode=medium&illust_id=46913495"
"52058","41121","http://www.pixiv.net/member_illust.php?mode=medium&illust_id=46923937"
"62810","53300","http://www.pixiv.net/member_illust.php?mode=medium&illust_id=46913415"
"54635","35210","http://www.pixiv.net/member_illust.php?mode=medium&illust_id=46912680"
"21155","18365","http://www.pixiv.net/member_illust.php?mode=medium&illust_id=46911108"
"47023","42958","http://www.pixiv.net/member_illust.php?mode=medium&illust_id=46927889"
"158674","69158","http://www.pixiv.net/member_illust.php?mode=medium&illust_id=46926151"
"35139","27031","http://www.pixiv.net/member_illust.php?mode=medium&illust_id=46920893"
"26910","29209","http://www.pixiv.net/member_illust.php?mode=medium&illust_id=46927899"
"24605","21556","http://www.pixiv.net/member_illust.php?mode=medium&illust_id=46920499"
"12002","10036","http://www.pixiv.net/member_illust.php?mode=medium&illust_id=46917140"
"12948","9783","http://www.pixiv.net/member_illust.php?mode=medium&illust_id=46909040"
"28668","11929","http://www.pixiv.net/member_illust.php?mode=medium&illust_id=46915169"
"15410","10376","http://www.pixiv.net/member_illust.php?mode=medium&illust_id=46912642"
"20900","16211","http://www.pixiv.net/member_illust.php?mode=medium&illust_id=46919501"
"48989","28812","http://www.pixiv.net/member_illust.php?mode=medium&illust_id=46907639"
"10917","9410","http://www.pixiv.net/member_illust.php?mode=medium&illust_id=46914096"
"28759","21760","http://www.pixiv.net/member_illust.php?mode=medium&illust_id=46921782"
"26675","23296","http://www.pixiv.net/member_illust.php?mode=medium&illust_id=46925157"
"66745","40373","http://www.pixiv.net/member_illust.php?mode=medium&illust_id=46916285"
"23927","19990","http://www.pixiv.net/member_illust.php?mode=medium&illust_id=46927094"
"15536","16279","http://www.pixiv.net/member_illust.php?mode=medium&illust_id=46920139"
"21514","10707","http://www.pixiv.net/member_illust.php?mode=medium&illust_id=46908702"
"18371","20247","http://www.pixiv.net/member_illust.php?mode=medium&illust_id=46920094"
"10447","7503","http://www.pixiv.net/member_illust.php?mode=medium&illust_id=46908066"
"15545","10310","http://www.pixiv.net/member_illust.php?mode=medium&illust_id=46921386"
"29435","14916","http://www.pixiv.net/member_illust.php?mode=medium&illust_id=46930016"
"15091","11182","http://www.pixiv.net/member_illust.php?mode=medium&illust_id=46908297"
"7537","5717","http://www.pixiv.net/member_illust.php?mode=medium&illust_id=46907320"
"10343","8491","http://www.pixiv.net/member_illust.php?mode=medium&illust_id=46914023"
"9602","7406","http://www.pixiv.net/member_illust.php?mode=medium&illust_id=46908531"
"14558","10349","http://www.pixiv.net/member_illust.php?mode=medium&illust_id=46923223"
"22483","13479","http://www.pixiv.net/member_illust.php?mode=medium&illust_id=46906367"
"10030","5938","http://www.pixiv.net/member_illust.php?mode=medium&illust_id=46913621"
"21473","12105","http://www.pixiv.net/member_illust.php?mode=medium&illust_id=46921548"
"8641","6196","http://www.pixiv.net/member_illust.php?mode=medium&illust_id=46905415"
"19961","10548","http://www.pixiv.net/member_illust.php?mode=medium&illust_id=46930132"
"15842","9686","http://www.pixiv.net/member_illust.php?mode=medium&illust_id=46921308"
"12049","8104","http://www.pixiv.net/member_illust.php?mode=medium&illust_id=46905475"
"38578","32235","http://www.pixiv.net/member_illust.php?mode=medium&illust_id=46921073"
"21154","12368","http://www.pixiv.net/member_illust.php?mode=medium&illust_id=46916958"
"120828","95216","http://www.pixiv.net/member_illust.php?mode=medium&illust_id=46934970"
"52062","41121","http://www.pixiv.net/member_illust.php?mode=medium&illust_id=46923937"
"81592","70024","http://www.pixiv.net/member_illust.php?mode=medium&illust_id=46920340"
"26912","29209","http://www.pixiv.net/member_illust.php?mode=medium&illust_id=46927899"
"35165","27041","http://www.pixiv.net/member_illust.php?mode=medium&illust_id=46920893"
"23928","19990","http://www.pixiv.net/member_illust.php?mode=medium&illust_id=46927094"
"26684","23296","http://www.pixiv.net/member_illust.php?mode=medium&illust_id=46925157"
"158682","69158","http://www.pixiv.net/member_illust.php?mode=medium&illust_id=46926151"
"18374","20247","http://www.pixiv.net/member_illust.php?mode=medium&illust_id=46920094"
"23371","19186","http://www.pixiv.net/member_illust.php?mode=medium&illust_id=46920134"
"28761","21770","http://www.pixiv.net/member_illust.php?mode=medium&illust_id=46921782"
"15537","16279","http://www.pixiv.net/member_illust.php?mode=medium&illust_id=46920139"
"21475","12105","http://www.pixiv.net/member_illust.php?mode=medium&illust_id=46921548"
"27902","25326","http://www.pixiv.net/member_illust.php?mode=medium&illust_id=46934388"
"53298","18655","http://www.pixiv.net/member_illust.php?mode=medium&illust_id=46925550"
"30846","16694","http://www.pixiv.net/member_illust.php?mode=medium&illust_id=46933302"
"29442","14916","http://www.pixiv.net/member_illust.php?mode=medium&illust_id=46930016"
"31228","23093","http://www.pixiv.net/member_illust.php?mode=medium&illust_id=46938080"
"12701","11329","http://www.pixiv.net/member_illust.php?mode=medium&illust_id=46933087"
"113838","39834","http://www.pixiv.net/member_illust.php?mode=medium&illust_id=46924400"
"15546","10310","http://www.pixiv.net/member_illust.php?mode=medium&illust_id=46921386"
"10610","10140","http://www.pixiv.net/member_illust.php?mode=medium&illust_id=46928063"
"11945","10523","http://www.pixiv.net/member_illust.php?mode=medium&illust_id=46928334"
"15843","9686","http://www.pixiv.net/member_illust.php?mode=medium&illust_id=46921308"
"137726","38823","http://www.pixiv.net/member_illust.php?mode=medium&illust_id=46942833"
"14559","10349","http://www.pixiv.net/member_illust.php?mode=medium&illust_id=46923223"
"19965","10548","http://www.pixiv.net/member_illust.php?mode=medium&illust_id=46930132"
"20926","24203","http://www.pixiv.net/member_illust.php?mode=medium&illust_id=46940014"
"22846","12669","http://www.pixiv.net/member_illust.php?mode=medium&illust_id=46937537"
"8575","8681","http://www.pixiv.net/member_illust.php?mode=medium&illust_id=46923382"
"19769","11973","http://www.pixiv.net/member_illust.php?mode=medium&illust_id=46920400"
"14444","11656","http://www.pixiv.net/member_illust.php?mode=medium&illust_id=46939419"
"7323","5980","http://www.pixiv.net/member_illust.php?mode=medium&illust_id=46928220"
"14980","14045","http://www.pixiv.net/member_illust.php?mode=medium&illust_id=46928861"
"28472","15257","http://www.pixiv.net/member_illust.php?mode=medium&illust_id=46923548"
"10899","8224","http://www.pixiv.net/member_illust.php?mode=medium&illust_id=46924042"
"72143","46959","http://www.pixiv.net/member_illust.php?mode=medium&illust_id=46946054"
"15563","9804","http://www.pixiv.net/member_illust.php?mode=medium&illust_id=46921374"
"19400","18832","http://www.pixiv.net/member_illust.php?mode=medium&illust_id=46936457"
"63456","38958","http://www.pixiv.net/member_illust.php?mode=medium&illust_id=46936971"
"18925","13668","http://www.pixiv.net/member_illust.php?mode=medium&illust_id=46941287"
"19118","13660","http://www.pixiv.net/member_illust.php?mode=medium&illust_id=46943256"
"6279","6957","http://www.pixiv.net/member_illust.php?mode=medium&illust_id=46920420"
"120842","95216","http://www.pixiv.net/member_illust.php?mode=medium&illust_id=46934970"
"72144","46959","http://www.pixiv.net/member_illust.php?mode=medium&illust_id=46946054"
"98237","74210","http://www.pixiv.net/member_illust.php?mode=medium&illust_id=46950334"
"27905","25326","http://www.pixiv.net/member_illust.php?mode=medium&illust_id=46934388"
"20927","24203","http://www.pixiv.net/member_illust.php?mode=medium&illust_id=46940014"
"63459","38958","http://www.pixiv.net/member_illust.php?mode=medium&illust_id=46936971"
"57958","42436","http://www.pixiv.net/member_illust.php?mode=medium&illust_id=46948436"
"17757","17007","http://www.pixiv.net/member_illust.php?mode=medium&illust_id=46944944"
"19401","18832","http://www.pixiv.net/member_illust.php?mode=medium&illust_id=46936457"
"59686","25689","http://www.pixiv.net/member_illust.php?mode=medium&illust_id=46938857"
"31230","23093","http://www.pixiv.net/member_illust.php?mode=medium&illust_id=46938080"
"16030","14053","http://www.pixiv.net/member_illust.php?mode=medium&illust_id=46943576"
"14047","13190","http://www.pixiv.net/member_illust.php?mode=medium&illust_id=46945608"
"14445","11656","http://www.pixiv.net/member_illust.php?mode=medium&illust_id=46939419"
"53974","35356","http://www.pixiv.net/member_illust.php?mode=medium&illust_id=46956855"
"18927","13668","http://www.pixiv.net/member_illust.php?mode=medium&illust_id=46941287"
"19200","15191","http://www.pixiv.net/member_illust.php?mode=medium&illust_id=46939591"
"11780","9516","http://www.pixiv.net/member_illust.php?mode=medium&illust_id=46936293"
"22844","12669","http://www.pixiv.net/member_illust.php?mode=medium&illust_id=46937537"
"10070","8905","http://www.pixiv.net/member_illust.php?mode=medium&illust_id=46936506"
"27325","17504","http://www.pixiv.net/member_illust.php?mode=medium&illust_id=46952807"
"137733","38823","http://www.pixiv.net/member_illust.php?mode=medium&illust_id=46942833"
"19120","13660","http://www.pixiv.net/member_illust.php?mode=medium&illust_id=46943256"
"20941","16812","http://www.pixiv.net/member_illust.php?mode=medium&illust_id=46948912"
"18401","19816","http://www.pixiv.net/member_illust.php?mode=medium&illust_id=46949451"
"7424","7889","http://www.pixiv.net/member_illust.php?mode=medium&illust_id=46942967"
"19821","18079","http://www.pixiv.net/member_illust.php?mode=medium&illust_id=46955878"
"7169","7999","http://www.pixiv.net/member_illust.php?mode=medium&illust_id=46943871"
"13143","12431","http://www.pixiv.net/member_illust.php?mode=medium&illust_id=46945335"
"14199","10906","http://www.pixiv.net/member_illust.php?mode=medium&illust_id=46934455"
"137300","40920","http://www.pixiv.net/member_illust.php?mode=medium&illust_id=46958435"